OBS,VNM_CAN_0,VNM_CANOTH_0,VNM_CANRATIO_0,VNM_CLIMLOSS_0,VNM_CMUD_0,VNM_CO2_0,VNM_COALC_0,VNM_CTAX_0,VNM_CTAXR_0,VNM_CXS_0,VNM_CXUD_0,VNM_DEP_0,VNM_EC_0,VNM_EFEX_0,VNM_EFF_0,VNM_ENAB_0,VNM_EXP_0,VNM_EXPE_0,VNM_EXPEB_0,VNM_EXPH_0,VNM_EXPHB_0,VNM_EXPSP_0,VNM_EXPSPB_0,VNM_EXR_0,VNM_FINC_0,VNM_FUELSH_0,VNM_GASC_0,VNM_GCARB_0,VNM_GCARBB_0,VNM_GCARBR_0,VNM_GCARBRB_0,VNM_GCOM_0,VNM_GCR_0,VNM_GDFXSH_0,VNM_GDI_0,VNM_GDN_0,VNM_GDNRATIO_0,VNM_GINI_DISP_0,VNM_GINT_0,VNM_GIP_0,VNM_GLN_0,VNM_GLNRATIO_0,VNM_GLNT_0,VNM_GOTH_0,VNM_GTRADE_0,VNM_GTRADER_0,VNM_HEAD19_0,VNM_HEAD55_0,VNM_HIC_0,VNM_IGR_0,VNM_INFT_0,VNM_INT_0,VNM_IPR_0,VNM_ITAX_0,VNM_ITAXR_0,VNM_ITR_0,VNM_K_0,VNM_KSTAR_0,VNM_LABSH_0,VNM_LFN_0,VNM_LFNF_0,VNM_LIVES_0,VNM_LNN_0,VNM_LNNF_0,VNM_LOCK_0,VNM_LRX_0,VNM_LRXF_0,VNM_LTI_0,VNM_MTD_0,VNM_MTN$_0,VNM_MTN_0,VNM_MTR$_0,VNM_MTR_0,VNM_OGC_0,VNM_OGI_0,VNM_OILC_0,VNM_OMS_0,VNM_OXS_0,VNM_PC_0,VNM_PCR_0,VNM_PE_0,VNM_PG_0,VNM_PM25_0,VNM_POIL_0,VNM_POPT_0,VNM_POPWA_0,VNM_POPWAF_0,VNM_PR_0,VNM_PREM_0,VNM_PROF_0,VNM_RC_0,VNM_REFEX_0,VNM_REL_RED_0,VNM_REMIT_0,VNM_REV_0,VNM_REVG_0,VNM_RPDI_0,VNM_SCR_0,VNM_SDLI_0,VNM_SHAREE_0,VNM_SHAREH_0,VNM_SHARESP_0,VNM_SHAREX_0,VNM_SOLV_0,VNM_TAX_0,VNM_TAXR_0,VNM_TECHL_0,VNM_TFP_0,VNM_TOURSH_0,VNM_URX_0,VNM_URXF_0,VNM_USER_0,VNM_WDR_0,VNM_XTD$_0,VNM_XTDNO$_0,VNM_XTN$_0,VNM_XTN_0,VNM_XTR$_0,VNM_XTR_0,VNM_YBAR_0,VNM_YED_0,VNM_YEN$_0,VNM_YEN_0,VNM_YER$_0,VNM_YER_0,VNM_YFT$_0,VNM_YFT_0,WLD_CO2_0,WLD_COALC_0,WLD_DD$_0,WLD_EC_0,WLD_GASC_0,WLD_HIC_0,WLD_LOCK_0,WLD_MTN$_0,WLD_MTR$_0,WLD_OILC_0,WLD_PC_0,WLD_PE_0,WLD_PG_0,WLD_POIL_0,WLD_POPT_0,WLD_POPWA_0,WLD_PR_0,WLD_RC_0,WLD_TECHL_0,WLD_XTN$_0,WLD_XTR$_0,WLD_YEN$_0,WLD_YER$_0,WLD_YFT$_0,USA_INFT_0,USA_INT_0,VNM_POPWAM,VNM_LRXM,VNM_LFNM
2000,0.85,0.277795399,2.726751176,12476.32406,0.793979956,52.3321,0.196330054,22240,,0.480747859,0.738342068,0.007408527,0.754747684,1.593375187,0.461424328,0.65,99751,1050.131513,1050.131513,8124.904736,8124.904736,16579.88,16579.88,14167.75,21.36949348,0.01760479,0.055584,,,,,4837.021496,87006.21836,0.512,1557203.054,138816.7104,31.43166935,33.8,2.531395528,3514,-9002,-2.038284056,-2.038284056,,13437,0.055285148,34.76,89,0.330188119,57741.16944,5,6,244441.6584,29809,0.080890621,302182.8279,2879935.62,2845487.08,0.496174774,41917.64989,20243.26385,0.592,40970.311,19810.058,0,0.8459668,0.82067909,10.55,0.374998146,17.92288825,253927,31.2081995,677142.0151,42366.08109,28116.00266,0.35732363,0.12514729,0.227570371,1.466988136,1116060.642,3.221891058,3.910628519,36.23884543,4.078977958,79910.411,49549.994,24666.4795,,397.8290943,,0.14551,,15.28822055,18984.85173,90749,2028,699025.2148,90308.18977,0.618228467,0,0,0,0,0,1831,0.007752329,3.376608258,0.005592331,0.028210653,2.26,2.14,,367.1979097,0.52310074,0.518055517,17.15508814,243049,32.79499881,711571.7003,4.398061452,0.270950534,31.17262798,441646,75.12305532,1629987.564,75.92509295,1647389.829,24338.3724,,47719.90303,,,0.558415844,0,7939.264373,10581.06369,,31.75944444,,4.72325075,28.3075,6143493.806,3869966.199,,,15.2969545,7975.920909,11018.29861,33636.7939,48157.13795,47483.82487,2,5.995833333,24883.515,0.871033955,21674.386
2001,0.92,0.565798008,2.814729705,13336.56634,0.755206087,59.5292,0.21455714,25805,,0.463591107,0.71542006,0.011292399,0.852339406,1.61362626,0.476805139,0.65,117285,1227.082258,1227.082258,8131.019986,8131.019986,18202.56846,18202.56846,14725.16667,21.36949348,0.017470339,0.06948,,,,,5537.344645,92752.58685,0.512,1667796.613,155345.736,32.27661538,33.9,2.887108533,4485,-13397,-2.783531929,-2.783531929,,17458,0.06641912,35.88,89,0.329164338,75567.88922,5,4.8,259005.9587,33972,0.088516149,334573.848,3181988.085,3168054.648,0.488312266,42977.96277,20743.62452,0.392,41791.771,20065.308,0,0.846559,0.82165173,9.42,0.381215689,18.59591855,273828,33.10518659,718302.0207,46970.92402,38268.40527,0.387384734,0.111628484,0.195654022,1.704184051,1165965.843,2.971453477,3.839765239,36.54099493,3.51760665,80742.5,50767.82732,25246.2495,,397.8290943,,0.180917532,0.785330018,15.25,16197.68337,103888,2011,752890.2614,112559.4624,0.620179226,0,0,0,0,0,2058,0.008213837,3.381725387,0.002498756,0.027995203,2.76,3.27,,377.2684271,0.513104314,0.524592253,17.85012054,262846,34.78848271,754825.4518,4.61891783,0.276229258,32.68519881,481295,80.30278838,1742375.171,81.22655885,1762418.744,24555.2741,,48860.56208,,,0.583858237,0,7735.743667,10740.89793,,36.89459877,,4.637662195,24.41166667,6222626.531,3939797.622,,,15.31239546,7725.341954,11045.26731,33464.80869,49164.93146,49036.04517,2,3.469166667,25521.578,0.871197636,22234.338
2002,-0.62680084,-0.584961447,-1.787585426,14280.77121,0.745386844,68.6613,0.245012349,29271,,0.438376561,0.723487797,0.013877276,0.933492995,1.550482729,0.49218595,0.65,134334,1438.431847,1438.431847,9873.240246,9873.240246,18201.35799,18201.35799,15279.5,21.36949348,0.018167163,0.083376,,,,,6487.59665,97740.72083,0.512,1738057.955,188511.867,35.18574795,34.1,2.827408208,5330,-12618,-2.355150235,-2.355150235,,21915,0.07202674,37,89,0.342590124,89343.53551,5,4.8,288269.5919,41731,0.097067853,377613.1274,3515443.885,3517323.871,0.475774096,43918.5615,21187.79154,0.147,42987.488,20694.116,0,0.8450019,0.82153072,9.061666667,0.413568055,21.72492555,331946,36.99213574,802639.3621,51978.28671,47512.6832,0.425472775,0.099832162,0.179427983,1.404502505,1254898.293,2.880813001,3.538174969,36.84314444,3.602142565,81534.406,51974.51219,25790.626,,397.8290943,,0.179631871,0.771728218,15.17412935,27044.715,121716,2250,835388.7124,97615.08862,0.62408429,0,0,0,0,0,2338,0.008379937,3.396251751,0.006911268,0.029111823,2.12,2.33,,408.7488304,0.514055094,0.522141736,19.91308616,304262,38.73726064,840504.3274,4.860692979,0.287159112,35.0641055,535762,85.98808115,1865732.195,87.08916172,1889622.965,25116.161,103.5093926,49889.49464,407.2993852,90.0555505,0.605060942,0,8050.288661,11052.66508,156.957217,30.40666667,3.472063213,4.273401959,24.99833333,6301773.172,4010146.156,,56.77722507,15.32809158,8120.555686,11447.74056,34797.76464,50284.57012,50697.68174,2,1.633333333,26183.886,0.868120561,22730.77
2003,-1.931,-0.724141333,-4.88211707,15329.15049,0.788497659,76.277,0.285253927,47410,,0.411530159,0.794825058,0.017748563,1.00763217,1.464418846,0.507566761,0.65,172885.6,2191.512742,2191.512742,12043.3021,12043.3021,22018.21149,22018.21149,15509.58333,21.36949348,0.018968028,0.08243802,,,,,8152.776306,104769.8886,0.512,1811055.57,232387.3807,37.8824733,34.1,2.751870597,6395,-19928.6,-3.248647389,-3.248647389,,22373.5,0.06151044,31.4,86.6,0.353904732,114446.9249,5,5,308109.7046,51699.5,0.107776153,422556.6295,3875606.437,3894935.709,0.469521849,44788.0491,21596.40201,0.128,43780.318,21026.257,0,0.8422126,0.82015837,9.48,0.460240541,26.75913279,415023,41.56006761,901752.3723,62244.20412,67993.36954,0.453731377,0.096789691,0.173802894,1.687305945,1355430.627,3.278120949,3.948655002,37.14529394,4.156413143,82301.65,53179.02957,26331.99,,397.8290943,,0.186208846,0.735078565,15.38461538,32570.12493,152957,2969,876525.2565,79714.96757,0.62408429,0,0,0,0,0,2951,0.009678876,3.408093026,0.005559737,0.030395163,2.25,2.64,,460.8263418,0.540199977,0.538037192,23.45227413,363735,43.41405988,941979.4946,5.127741725,0.306308101,39.55251323,613443,92.30063395,2002699.235,93.04210762,2018787.41,26346.3406,112.6118898,51525.82204,421.6673782,92.5608193,0.628484759,0,9336.588404,11753.23336,160.4511864,36.52919753,3.96743784,4.769179074,28.84488866,6381185.141,4081172.729,,56.0434827,15.34405902,9419.048695,12083.8317,39044.05104,51856.42037,52419.28958,2,1.03,26847.04,0.863843741,23191.647
2004,-1.591,-0.678338201,-3.214508467,16484.41821,0.84127187,87.8002,0.373838202,56987,,0.419337737,0.862207439,0.021411265,1.232726811,1.399836454,0.522947572,0.65,192373,2024.778351,2024.778351,15434.9055,15434.9055,26220.77921,26220.77921,15746,21.36949348,0.019301135,0.1445184,,,,,10174.76777,113436.8528,0.512,1968582.395,290556.4513,37.28246939,34.3,2.483854675,7217,-1480.732732,-0.189998785,-0.189998785,,21614,0.045966109,25.8,84.2,0.381845158,100525.1759,5,5,366151.716,68985,0.125617424,466676.8919,4259301.694,4302512.32,0.456089874,45667.42489,22005.3239,0.189,44690.142,21468.394,0,0.8395842,0.81885051,9.7225,0.533762882,33.29201067,524216,45.2637837,982114.0021,75006.48485,66469.05209,0.540729827,0.11130232,0.196186665,3.344970063,1438194.081,4.582489671,4.290478708,37.44744345,5.516103904,83062.819,54392.90783,26873.4325,,397.8290943,,0.173640382,0.735393681,15.0990099,39629.22731,190892.2673,2877,927797.6037,86676.80911,0.62799412,0,0,0,0,0,3521,0.010465658,3.403021965,-0.002312859,0.030928948,2.14,2.44,,531.4235069,0.628608929,0.60372564,29.86256827,470216,47.50579713,1030760.24,5.418774659,0.36187167,49.49434777,779338,99.25678872,2153630.873,99.18485913,2152070.176,27569.0776,120.4823037,53875.86309,442.5780499,96.14576741,0.652183833,0,11256.17981,13074.46609,166.5475776,72.41666667,5.478076502,5.182033189,38.28094019,6461159.391,4153070.77,,59.40240115,15.36020505,11406.93904,13379.88275,43951.95614,54181.27974,54206.38876,2,1.395,27519.475,0.859831109,23662.101
2005,-0.560189,-1.799170447,-0.971989163,17728.53809,0.877338869,94.8591,0.391465008,75847,0.170230463,0.439959109,0.898425188,0.021968241,1.304920167,1.362749346,0.538328383,0.65,239364,3655.328787,3655.328787,22577.1323,22577.1323,36066.22247,36066.22247,15858.91667,21.36949348,0.020377335,0.2237256,,,,,12168.23303,122743.3863,0.512,2169054.731,332713.2566,36.40184821,34.4,1.990001861,6621,-11071.65519,-1.211339505,-1.211339505,,23660,0.040637969,22.3,82.05,0.413899055,117291.1674,5,5,394890.8761,82830.32,0.131474523,512182.0435,4677914.371,4741482.572,0.453992599,46599.47992,22434.32607,0.308,45606.911,21920.58,0,0.8377318,0.81827856,11.025,0.559292142,38.62311856,612520.8187,50.47439108,1095171.507,87157.92061,83286.39584,0.529127977,0.129994844,0.20937086,2.85642737,1522135.445,5.582979537,5.007217052,37.74959295,7.843609525,83832.662,55625.775,27416.49,,360.8137907,445554.8012,0.160601582,0.754455995,14.85148515,49955.58761,228292.3448,3789,1111120.331,83915.93989,0.629950834,0,0,0,0,0,4234,0.009736828,3.412657265,0.004374355,0.032653495,2.13,2.29,9.908563454,587.420745,0.680610733,0.585751772,36.7121,582214.1346,53.93993693,1170365.422,5.726730542,0.394617283,57.63325574,914001,106.7479444,2316170.73,105.6939013,2293300.559,28472.6764,129.4095053,56248.55207,456.6763821,98.7775377,0.678419176,0,12764.06554,14250.86922,168.0411627,61.84,6.555931063,6.047708592,54.43348283,6541906.956,4225982.023,,60.44817644,15.37630886,12975.5762,14383.57236,47623.15122,56381.25521,56059.20842,2,3.213333333,28209.285,0.856638297,24165.154
2006,-0.1637418,-2.033510911,-0.246704374,18965.62746,0.907115329,99.1304,0.239814584,99796,0.192846644,0.429948938,0.935270793,0.025855159,1.192666742,1.327606605,0.553709194,0.65,276774,5533.053017,5533.053017,25029.98524,25029.98524,41587.19958,41587.19958,15994.25,21.36949348,0.021694694,0.24318,,,,,14896.40003,133173.1723,0.512,2334482.072,407714.0137,38.4068817,34.4,1.953575235,7965,2702.410813,0.254568567,0.254568567,,26280,0.036503672,18.8,79.9,0.444953475,119091.6496,5,6.5,443808.1147,98963,0.135967387,562899.7643,5119865.917,5212843.224,0.449958512,47441.4185,22821.34716,0.579,46454.637,22344.381,0,0.8360622,0.81616356,11.17625,0.595275318,46.94188049,750800.172,58.12934636,1261265.416,103818.1663,92840.5959,0.519374799,0.129360387,0.195713971,2.608550703,1635774.74,6.939092218,5.910182171,38.07275376,9.42041661,84617.545,56743.8855,27961.7325,,318.1038249,517488.9114,0.190297358,0.768163076,14.85148515,60778.15,279476.4108,7897,1229602.262,70526.1592,0.629950834,0,0,0,0,0,5179,0.009942539,3.445114805,0.014604546,0.034764486,2.08,2.09,10.85514393,657.5781473,0.730646552,0.604838851,45.0116496,719927.5766,61.605231,1336683.658,6.023816713,0.428431832,66.37166482,1061565,114.1967678,2477792.077,112.6767392,2444811.155,29384.0019,136.2411267,58830.84284,469.7725865,101.3842062,0.705674555,0,14593.76847,15637.85017,169.8540833,56.47361358,7.403179525,7.13830839,65.37628934,6623517.917,4290047.028,,62.29317034,15.39212833,14942.1389,15740.63963,51612.24495,58933.6323,57969.4356,2,4.848333333,28782.153,0.855393665,24620.071
2007,-6.992,-2.66715604,-9.031908397,20317.78272,0.963749558,100.5773,0.262513374,104551.6,0.172024471,0.396266312,1.01426987,0.02375227,1.302724449,1.268432139,0.569090005,0.65,352967.0789,6279.701426,6279.701426,30886.79153,30886.79153,53538.07631,53538.07631,16105.125,21.36949348,0.022743248,0.2459592,,,,,17346.39714,145030.6983,0.512,2444711.87,509893.1318,40.89716153,34.5,2.482873216,12660,-27525.44196,-2.207741929,-2.207741929,,38324,0.043235815,16.45,78.85,0.482102036,145051.1729,5,6.5,553829.3252,108647.2,0.125497301,698880.4981,5697137.976,5716955.356,0.452549243,48340.47361,23230.96258,0.326,47359.162,22782.605,0,0.8351165,0.81482907,11.18,0.655771484,65.54289886,1055576.579,74.18672001,1609671.365,124792.4461,124810.0636,0.578942626,0.11999672,0.164643735,3.906108999,1795747.153,7.970305117,6.400166043,38.39591457,10.48021874,85419.588,57884.70546,28510.228,,318.1038249,607771.6697,0.21530925,0.768885509,14.81481481,99529.6725,325441.637,6012,1358234.47,136791.6494,0.631908754,0,0,0,0,0,7415,0.011902288,3.432940765,-0.005509352,0.036444734,2.03,1.93,10.33270518,724.8931974,0.802727571,0.687370988,55.0380549,886394.754,68.56380284,1487667.74,6.343489539,0.469690785,77.41442553,1246769,122.3384315,2654446.374,119.7897819,2599146.879,30245.097,144.1704356,61597.19566,484.5694461,105.5146399,0.735890926,0,16925.24447,16941.11809,172.1365434,84.565,8.620999927,7.730110112,72.73115842,6705946.643,4354922.683,,62.74782721,15.40746222,17364.77431,16865.28821,58186.62026,61521.36579,59786.59024,2,4.471666667,29374.477,0.854807071,25109.511
2008,-10.787,-4.066566079,-10.88163715,21468.1291,1.029052422,113.2445,0.497741302,137239,0.174208403,0.40395773,1.095938259,0.028149284,1.61799198,1.226198524,0.584470816,0.65,438703,5597.482258,5597.482258,39900.20194,39900.20194,67631.20189,67631.20189,16302.25,21.36949348,0.02287693,0.26051526,,,,,22894.21736,155938.3402,0.512,2616909.135,637028.122,39.41891059,34.6,2.626257683,16730,-9176.827232,-0.567856457,-0.567856457,,60736,0.052553999,14.1,77.8,0.593542083,152311.742,5,10.25,573397.1379,139976,0.121974365,725708.8798,6262476.503,6253250.273,0.455130538,49294.08452,23665.10675,0.411,48406.791,23276.999,0,0.8347605,0.81446201,15.78357143,0.794426121,84.41672263,1376182.516,79.83833524,1732297.668,156238.8505,152605.2634,0.612267896,0.133666603,0.161169612,6.838904845,1933452.448,10.7394167,10.38936212,38.71907537,14.05927132,86243.424,59051.77054,29056.121,,318.1038249,787786.3369,0.247467522,0.868914578,14.56790123,110936.8113,429526.1728,9413,1420623.334,158863.0634,0.633867887,0,0,0,0,0,12940,0.017752224,3.42059854,-0.005617324,0.036658951,1.8,1.64,16.46722956,752.8291536,0.984068871,0.815380971,70.89128871,1155687.511,72.03895051,1563069.991,6.599487014,0.576185261,99.1303041,1616047,129.2649535,2804735.055,127.4009094,2764289.832,30882.5148,146.0626712,62806.23828,489.8212568,108.0499538,0.78225337,0,19388.2475,17423.06206,170.3787574,148.0583333,12.84266057,12.54825463,97.56925065,6789088.672,4420545.171,,65.32987445,15.42227863,19848.03216,17385.27863,63809.42204,62768.45485,61628.50121,2,1.391666667,29995.65,0.854423164,25628.978
2009,-6.608,-1.637322895,-6.23310024,22626.95671,0.962974604,122.8329,0.467036968,112164.3,0.127182061,0.368579144,1.01639147,0.029495387,1.64670996,1.213811355,0.599851627,0.65,573700.09,8330.596822,8330.596822,55112.23651,55112.23651,97483.00767,97483.00767,17065.08333,21.36949348,0.020144539,0.2782674,,,,,24672.00585,167785.668,0.512,2779159.397,834964.8959,46.15235649,34.8,2.454006162,20490.09,-110820.2247,-6.12554437,-6.12554437,,76981,0.067571443,9.05,62.3,0.633410202,227989.874,5,8,561039.6032,157369.6,0.1256696,789029.4772,6866791.815,6820961.106,0.466366245,50214.54101,24082.45758,0.356,49340.808,23704.363,0,0.8334674,0.8139086,10.069,0.71806906,77.75000318,1326810.283,85.15919874,1847747.463,166305.5259,225978.6331,0.61759437,0.090444229,0.113889455,3.640128066,1976994.918,6.818173122,7.499710557,39.04223618,8.914395079,87092.25,60247.75384,29588.651,,318.1038249,881919.1915,0.283811222,0.906697673,14.07407407,102731.8015,462879.8653,7908,1563548.162,133468.389,0.63778981,0,0,0,0,0,14318,0.015007594,3.436174671,0.007264182,0.032280453,1.74,1.57,9.186954451,708.7763678,0.834109366,0.789571369,66.75932608,1139253.463,80.03665804,1736600.79,6.849729332,0.611998766,106.0146596,1809149,136.2425433,2956131.78,135.5490739,2941085.181,30445.9827,144.0328656,61810.83445,482.7496306,105.8535416,0.803736594,0,15554.66673,15550.32711,167.0656558,78.80666667,8.055780647,9.058138182,61.86457522,6872766.988,4486802.597,,65.79756759,15.43683018,15963.22489,15710.41408,60535.3164,61970.92142,63490.92797,2,0.150833333,30659.103,0.852343383,26132.083
2010,-4.276,-3.014941506,-3.688377001,24080.34562,1.043022294,136.1131,0.609326486,148655,0.141321501,0.321408927,1.066440331,0.029778963,1.872873011,1.075351939,0.615232438,0.65,649907,8690.782074,8690.782074,61960.90943,61960.90943,118946.2496,118946.2496,18612.91667,21.36949348,0.023033401,0.32662548,-57941.62068,-57941.62068,-22.87053271,-22.87053271,31353.61066,188393.2003,0.512,3009337.823,1009568.575,46.78633214,34.9,2.515926172,25400,-61671.28169,-2.858025834,-2.858025834,135307.7283,74068,0.047672403,4,46.8,0.691731234,233058.4604,5,9,641929.9366,218649,0.147785758,874988.397,7537294.274,7419413.249,0.456717171,51252.44211,24438.97695,0.221,50683.54,24175.036,0,0.8337215,0.8115656,13.13525,0.823695819,92.99465882,1730901.835,96.84886354,2101384.754,194408.7948,240500.2641,0.668223327,0.077144202,0.079057138,4.869914585,2138836.203,12.08601936,9.03246004,39.36539699,11.47499397,87967.655,61474.295,30113.372,33.68142225,324.1208264,1051892.312,0.268697718,0.852818828,13.82716049,153742.6919,588235.7183,11868,1651878.492,54266.137,0.63975261,0,0,0,0,0,26276,0.024032161,3.432843673,-0.001521324,0.036909686,1.11,1.08,12.94215039,833.6899581,0.909720485,0.857352095,83.47360031,1553687.167,91.75741527,1990912.711,7.168303385,0.685893147,115.9317499,2157828,144.99376,3146011.895,144.058325,3125715.23,32051.0227,150.7142369,64596.1224,506.1590931,113.6619177,0.833421185,0,18451.51006,17461.22061,172.4497491,105.4308333,13.4742911,10.90939051,79.63475047,6956823.588,4553594.295,0.12125312,69.3331895,15.45154143,19071.07817,17588.96017,66272.55924,64723.86196,65387.15848,2,0.136666667,31360.923,0.854996046,26813.465
2011,0.233,-2.765402438,0.171905685,25583.03063,1.111745041,145.0478,0.726157248,196058,0.144678522,0.323439171,1.14906885,0.034437783,2.131589424,0.938678996,0.630613249,0.65,751298,9770.417023,9770.417,71511.13422,71511.13,142669.129,142669.1,20509.75,21.36949348,0.025397,0.2945952,-77106.2262,-77106.23,-25.91898172,-25.91898,38345.08996,201812.4989,0.512,3192247.849,1266472.166,45.5585193,34.9,2.351887455,29786,-31892.76863,-1.147271416,-1.147271,157257.3714,81406,0.036885849,3.35,43.8,0.820930942,206307.1936,5,15,600315.9761,272873,0.149292648,806623.1697,8084349.737,8048390,0.459463582,52144.06768,24835.07871,0.138,51622.627,24611.563,0,0.8385705,0.8111884,16.95383333,1.06143738,113.2075465,2321858.477,100.8161989,2187466.28,246040.853,251520.5255,0.726673882,0.097963477,0.087902304,5.938066303,2226463.19,15.23872346,12.47886442,38.4869748,16.40972491,88871.384,62182.09257,30615.673,32.72047735,397.8290943,1355128.584,0.384163094,0.847601799,13.61386139,176383.85,719405.2314,12103,1803662.827,89278.67015,0.63975261,0,0,0,0,0,38469,0.028918021,3.456914489,0.011059664,0.0406972,1,0.9,18.00213376,939.939179,1.05856234,0.956275479,107.605945,2206971.03,101.6529125,2205620.931,7.489040494,0.8317186,135.5394386,2779880,154.0418008,3342332.37,153.0419983,3320639.087,33100.0654,158.1947097,66973.30234,518.7950424,116.4138864,0.875363915,0,21951.8999,18797.67174,174.1615602,125.7366667,16.21399321,14.72930883,111.0824721,7041194.168,4610817.379,0.117793718,70.02488616,15.46658956,22616.35194,18668.98044,73684.41263,66844.61104,67212.70498,2,0.0525,31566.42,0.865127859,27308.989
2012,9.267,-6.1918,5.947247,26925.47,1.099392,135.6859,0.6739993,215798,0.134831,0.2873188,1.118636,0.0336668,2.236365,0.9377841,0.6459941,0.65,955967.9,10640.76,10640.76,90217.24,90217.24,172153.3,172153.3,20828,24.56331,0.025601,0.3249927,-99004.61,-99004.61,-35.03266,-35.03266,39093.6,216318.6,0.512,3473717,1561472,48.1131,34.7,2.554257,39884,-222519.7,-6.856424,-6.856424,192979.3,71276,0.0274427,2.7,40.8,0.8956597,247592.2,5,9,574137.7,258080,0.1233975,821729.9,8633905,8708855,0.4642363,52982.35,25331.91,0.072,52436.63,25096.32,0,0.8421898,0.8153498,13.47167,1.040712,119.2418,2483567,109.9852,2386411,299860.6,343212,0.7421262,0.0855397,0.0811557,3.707265,2335097,15.20671,13.87117,37.22745,15.93883,89801.93,62910.22,31068.76,30.63603,423.6402,1600508,0.4952468,0.8968899,13.89578,208280,733448.2,10267,1993696,-21123.71,0.6358282,0,0,0,0,0,44959,0.0262974,3.494775,0.0175764,0.0410241,1.03,0.93,13.68328,987.4272,1.060183,0.965105,124.7006,2597264,117.6217,2552106,7.759153,0.9225925,155.82,3245419,162.1249,3517717,162.505,3525964,33659,158.9142,68649.76,525.1575,119.4036,0.9107584,0,22203.03,19370.07,176.5767,105.5042,16.00103,16.74817,111.9596,7125828,4668261,0.1102897,70.26297,15.48205,22944.63,19406.74,75257.25,68686.43,69110.43,2,0.0858333,31841.457,0.868378572,27650.439
2013,7.744,-6.951099,4.522783,28385.33,1.083173,140.8932,0.719894,231146,0.1314229,0.2400361,1.125137,0.0319495,2.349168,0.9456283,0.6613749,0.65,1094123,14105.84,14105.84,107739.5,107739.5,197784.8,197784.8,20933.42,27.75713,0.0267518,0.3387497,-34278.69,-34278.69,-11.62235,-11.62235,44096.69,232023.8,0.512,3590745,1852670,51.68903,34.7,2.919246,54084,-266810,-7.443931,-7.443931,149817,78253,0.0261071,2.65,37.9,0.9547311,266408.7,5,7,598862.3,300607,0.1281976,865271,9223327,9402129,0.4643786,54291.77,25975.01,0.215,53575.12,25678.9,0,0.8529191,0.8252107,10.37417,1.042748,139.4913,2920030,129.0615,2800321,335355.4,385053.5,0.7563838,0.0638713,0.0598019,4.975727,2456056,15.625,14.66163,36.83591,17.00744,90752.59,63654.07,31476.83,28.63101,486.3241,1758796,0.5341404,0.939284,13.89578,230267.6,827313,11124,2190288,-40095.84,0.6358282,0,0,0,0,0,46548,0.0229085,3.543957,0.0228389,0.0428682,1.32,1.14,9.865695,1049.723,1.037151,0.9709986,143.1864,2997380,138.0574,2995509,8.049802,0.966514,171.222,3584262,170.9151,3708443,174.1793,3779268,33869.8,162.0244,70596.35,535.1121,121.3543,0.9434654,0,22808.89,19940.77,178.4516,90.89667,15.17406,16.16939,108.844,7210582,4725831,0.1030716,73.28185,15.49795,23595.26,19920.85,77397.24,70576.43,71084.24,2,0.0583333,32177.245,0.88002429,28316.757
2014,8.617,-9.4812,4.627704,30083.81,1.060988,159.5828,0.8698209,207807,0.10867,0.2268777,1.110168,0.029995,2.574476,0.9511907,0.6767557,0.65,1123418,14383.1,14383.1,112264.9,112264.9,207752.8,207752.8,21148,30.95094,0.0276407,0.3546954,-21899.21,-21899.21,-6.488929,-6.488929,46678.04,248265,0.512,3874327,2154636,54.71596,34.6,3.097414,66738,-247675.5,-6.289603,-6.289603,154008.6,95603,0.0280979,2.6,35,0.9937276,261461.5,5,6.5,683896.7,334651,0.129208,945358.3,9892032,10128790,0.469285,55002.13,26346.9,0.038,54309.11,26054.45,0,0.8539778,0.827383,8.665,1.03629,154.7915,3273530,145.5874,3158893,351789.9,370489.3,0.7791915,0.0575678,0.0516315,4.596722,2606367,14.50224,15.10685,34.89602,15.73515,91713.85,64406.98,31843.66,27.53889,452.5351,1912275,0.5707679,0.9600723,14.14392,253776,875742.5,11050,2224985,-52548.67,0.6338679,0,0,0,0,0,47844,0.0218631,3.573428,0.0138303,0.0442926,1.26,1.11,7.477025,1110.045,1.044623,0.9986939,160.8897,3402495,154.017,3341794,8.39,1.001912,186.2047,3937856,181.1421,3930343,184.7332,4008261,34117.57,162.378,72616.51,540.1481,122.2417,0.9736157,0,23250.07,20566.13,179.5816,77.8875,14.32087,16.3293,98.94337,7295291,4783420,0.09914,75.94683,15.51427,23903.96,20676.32,79334.87,72726.7,73134.24,2,0.0325,32563.322,0.87998485,28655.23
2015,-2.03938,-16.56808,-1.055355,32093.2,1,184.4356,1.098444,200030,0.0987131,0.1794162,1,0.0284987,2.861806,1,0.6921365,0.65,1254929,15058.8,15058.8,129728.2,129728.2,231960.3,231960.3,21697.57,30.89923,0.0287202,0.3703284,-1622.309,-1622.309,-0.4053944,-0.4053944,53100.38,265544.8,0.512,4192862,2394031,57.09777,34.5,3.426105,82022,-258695.3,-6.169897,-6.169897,229323,99315,0.0263833,2.2,31.1,1,298954.9,5,6.5,734825,347521.2,0.1219569,1033780,10643900,10887610,0.4730307,55603.96,26527.65,0.052,54575.29,26076.68,0,0.8533067,0.8251649,7.1175,1,171.9617,3731151,171.9617,3731151,374519.6,421640.6,0.8700629,0.0384764,0.0263209,4.217676,2849540,9.802152,9.744925,32.46644,8.537472,92677.08,65162.93,32148.3,23.67632,397.8291,2026377,0.5229705,1,14.39206,282068.4,996234.2,11844,2371691,10828.51,0.6319088,0,0,0,0,0,56723,0.0234741,3.597143,0.011218,0.0460224,1.85,1.7,5.511423,1120.4,1,1,173.4904,3764320,173.4904,3764320,8.9875,1,193.2411,4192862,193.2411,4192862,195.6212,4244504,34043.37,158.5145,74684.7,545.0809,125.0878,1,0,20966.3,20966.3,183.4892,63.51668,9.75021,10.30536,52.39942,7379797,4840924,0.0852347,77.98942,15.53092,21267.34,21267.34,74985.74,74985.74,75255.98,2,0.0533333,33014.628,0.880709906,29076.309
2016,0.624539,-18.63376,0.3042433,34086.44,0.962216,185.4322,1.188646,188485,0.0871483,0.1670298,0.9694582,0.0271367,3.088531,1.015825,0.7075173,0.65,1253677,15529.91,15529.91,137673.9,137673.9,225872.3,225872.3,21935,30.84751,0.0299501,0.3685914,-2247.07,-2247.07,-0.552451,-0.552451,57311.9,285566.9,0.512,4586039,2686427,59.66214,34.5,3.230425,86783,-178429,-3.962682,-3.962682,273899.2,96125,0.022802,1.8,27.2,1.026682,297902.6,4.75,6.5,838408.8,385338,0.1227527,1136311,11491370,11675020,0.4747148,55859.18,26696.17,0.162,54825.79,26242.34,0,0.8517279,0.8236732,6.96,0.9532308,186.9293,4100294,198.2467,4301470,385580.9,402237,0.9307731,0.033705,0.0171018,4.713275,3057557,9.202888,6.543635,30.24131,7.162425,93640.44,65583.36,32411.12,22.88425,397.8291,2162807,0.6005209,1.02493,14.60396,307090,1075248,8378,2485699,-10872.79,0.6319088,0,0,0,0,0,67958,0.0264867,3.613838,0.00792544,0.0479933,1.85,1.7,5.393721,1145.903,0.9728951,0.9751968,192.1876,4215636,197.542,4286181,9.585,1.011106,205.2762,4502733,205.243,4453273,205.8552,4466557,34034.53,156.4612,76561.06,552.8303,127.9638,1.026962,0,20398.86,21292.3,186.8301,71.12264,8.680846,6.936873,44.04752,7464022,4890502,0.0823833,81.57515,15.54778,20921.11,21737,76173.81,77005.76,77318.91,2,0.3191667,33172.242,0.879138945,29163.009
2017,-1.650873,-22.92187,-0.7377219,36408.49,0.9961214,182.584,1.187695,217200,0.0892477,0.1967257,1.004799,0.0259242,3.306803,1.004251,0.7228981,0.65,1355034,17508.06,17508.06,141950.3,141950.3,262748.5,262748.5,22370.09,30.79579,0.0324995,0.3427448,-4096.491,-4096.491,-1.002955,-1.002955,65636.11,306541.6,0.512,4945973,2914618,58.22279,34.5,3.393274,98901,-123612.7,-2.469303,-2.469303,335475.7,97018,0.0190765,1.8,24.8,1.062832,328494.9,4.5,6.25,923719.7,433825,0.1243578,1252215,12445680,12484990,0.4677175,56466.01,26975.31,0.284,55410.09,26516.73,0,0.8555934,0.8252751,7.0675,0.9784828,221.0747,4945460,232.9391,5054212,402548.6,431377.5,0.9743176,0.0358101,0.0279885,6.566533,3282289,10.83709,7.61574,29.62673,8.824344,94600.64,65996.31,32686.45,20.98273,397.8291,2433676,0.802046,1.0264,14.60396,335551.3,1231421,7580,2633109,-33674.47,0.6319088,0,0,0,0,0,78783,0.0281386,3.63318,0.00904642,0.0520786,1.87,1.7,5.665556,1223.159,0.9858832,0.9843769,227.3457,5085742,230.601,5003481,10.1825,1.052418,223.7799,5005975,219.2246,4756640,217.8556,4726937,34447.75,157.3968,79229.44,563.1707,131.4323,1.06003,0,22495.82,22548.44,189.4268,99.42222,9.807534,8.09513,54.40091,7547859,4939699,0.0755378,84.91474,15.56469,23014.62,22915.97,81056.93,79596.97,79428.98,2,0.9466667,33309.863,0.88534429,29490.697
2018,5.768853,-18.46285,2.352582,38984.68,1.027579,211.7741,1.58225,251156,0.0929893,0.1967257,1.043976,0.0255014,3.727491,0.9766898,0.7382789,0.65,1435435,20594.3,20594.3,158229.6,158229.6,268885.8,268885.8,22602.05,30.79579,0.0338554,0.3477474,-13825.61,-13825.61,-2.888442,-2.888442,72695.72,325791.3,0.512,5253839,3049894,55.02908,34.4,3.597436,109718,-71565.99,-1.291261,-1.291261,385562,87333,0.0148891,1.8,22.4,1.100456,342504,4.25,6.25,1018027,478802,0.1235859,1360531,13488830,13309670,0.4665951,57027.34,27292.05,0.134,56365.83,27010.95,0,0.8589278,0.8283201,7.371875,0.9961382,251.2824,5679497,262.7721,5701515,428025.1,449982.2,1.037096,0.0358101,0.0279885,7.207862,3520581,10.9935,9.360112,29.50008,11.42205,95545.96,66393.64,32948.68,19.03321,373.4234,2700912,0.7603966,1.008515,14.85149,361632.8,1363869,7779.865,2788712,-129432,0.6299508,0,0,0,0,0,94366,0.0306719,3.642739,0.00445997,0.0542513,1.16,1.03,6.253523,1296.805,0.9848825,0.9741868,259.5141,5865550,263.4975,5717254,10.78,1.08818,245.2137,5542332,234.7365,5093210,230.0908,4992412,35152.02,159.8562,81779.48,578.636,138.0541,1.098031,0,24566.69,23603.42,191.2071,111.6931,11.12373,10.04922,71.07119,7631091,4988373,0.0685196,89.51863,15.5815,25220.97,23915.43,86115.35,82091.49,81571.64,2,1.973333,33444.959,0.889081359,29735.289
2019,12.4776,-12.8799,4.763873,41720.4,1.048884,247.7089,2.067279,273198.1,0.0927072,0.1967257,1.062799,0.0229485,4.16635,0.9920998,0.7536597,0.65,1747987,25170.42,25170.42,195132.3,195132.3,328481.1,328481.1,23050.24,30.79579,0.0341637,0.3546954,-7031.795,-7031.795,-1.231542,-1.231542,79729.97,344688.5,0.512,5709375,3319307,54.97956,34.4,3.762352,124884,-252146,-4.176437,-4.176437,442658.1,81100,0.0125783,1.436201,20.0736,1.13123,417448.4,4,6,1189854,512666.1,0.1199021,1607303,14786590,14140800,0.4665951,57308.15,27433.18,0.059,56139.06,26881.77,0,0.8583484,0.8266913,7.7075,1.012532,271.3627,6254976,284.7121,6177559,485877.9,588441.3,1.103961,0.0358101,0.0279885,5.844967,3779696,9.112126,9.355783,29.38658,10.38315,96462.11,66765.6,33184.31,17.33266,318.1038,2946892,0.6404143,1.029104,14.85149,391854.1,1495841,6688,2895191,-204490.4,0.6299508,0,0,0,0,0,106832.5,0.0322801,3.632453,-0.00479929,0.0547453,2.04,2.01,6.615666,1286.294,0.9947982,0.991405,279.7202,6447619,281.1829,6100985,11.34067,1.107644,261.9212,6037348,251.2089,5450623,241.4366,5238587,35173.7,157.6857,83723.48,583.4679,140.3936,1.136186,0,24094.66,23766.78,191.8012,88.98251,10.10035,9.94467,64.03192,7713468,5036362,0.0623976,93.58727,15.59809,24742.86,24130.99,87445.26,84087.7,83733.79,2,2.104167,33581.29,0.889631341,29874.968
2020,15.389,-12.51201,5.680898,42932.74,1.069862,255.3567,2.101594,281832,0.0927072,0.1967257,1.084055,0.0211445,4.089,0.997984,0.7690405,0.65,1707948,26274.37,26274.37,203690.6,203690.6,357818,357818,23037.86,30.79579,0.0341637,0.3136536,-4709.251,-7245.003,-1.231542,-1.231542,68198.17,361438.4,0.512,5901890,3688239,59.09948,34.3996,3.750352,137847.7,-428458.7,-6.865522,-6.865519,189175.8,85741.58,0.0125783,1.35971,19.54134,1.167683,471298.8,4,4,1153519,541453.4,0.1199021,1624818,16098750,14797270,0.4665951,56543.36,27815.15,0.31,55259.82,27191.23,57.7441,0.842608,0.8328402,7.6475,1.016294,284.5716,6555921,297.3058,6450816,368067.5,614250,0.9772651,0.0358101,0.0279885,4.685542,3867315,7.331102,7.346043,29.18235,6.858913,97338.58,67105.17,33397.94,18.59464,318.1038,3040023,0.6964873,1.049476,14.85277,382059.8,1279489,5000,3039157,-198244.8,0.6299424,0,0,0,0,0,115330.5,0.0322801,3.630456,-0.000929748,0.0547453,2.27,2.176539,6.371672,1224.811,1.002431,1.011229,295.8887,6816640,295.1713,6404499,11.47836,1.112627,270.8902,6240731,258.5087,5609010,250.8971,5443856,33129.78,151.4786,80530.46,558.726,137.4454,1.170526,47.9912,21698.81,21596.55,173.7273,71.33167,8.02785,7.808429,42.29846,7794799,5083544,0.0669404,96.07479,15.60878,22520.86,22184.71,85410.67,81118.61,84863,2,0.37,33707.229,0.852286244,28728.207
2021,30.09226,-11.86924,10.66894,45723.36,1.091259,265.7116,2.183261,301156.2,0.0927072,0.1967257,1.105736,0.0216842,4.236469,0.9540772,0.7844214,0.65,1743003,27713.05,27712.91,214843.5,214842.9,382495.5,382493.7,23623.66,30.79579,0.0341637,0.3257073,-5024.812,-7730.472,-1.231542,-1.231542,71604.08,379634.3,0.512,6292152,4052762,60.82333,34.39958,3.719645,155231.5,-399614.2,-5.997361,-5.997363,173650.3,99802.84,0.0125783,1.305731,19.15469,1.213028,513972.7,3.9,3.692938,1120831,573112.6,0.1199021,1634804,17384470,15376070,0.4665951,56901,28056.35,0.276861,55599.62,27421.46,15.03695,0.8437683,0.8351914,7.493969,1.079281,312.1183,7373375,314.8625,6831753,314843.2,647883.4,1.00499,0.0358101,0.0279885,4.842482,3940421,8.599274,7.737235,28.98299,10.70157,98168.83,67436.76,33592.72,20.53667,318.1038,3248466,0.7225118,1.019634,14.85282,430117.1,1343388,8130,3156232,-192627.1,0.6299426,0,0,0,0,0,123794.6,0.0322801,3.635851,0.00251649,0.0547453,2.287117,2.187908,6.372849,1328.279,1.034716,1.031454,335.8727,7934541,324.604,7043116,11.58095,1.115436,282.0549,6663169,275.3118,5973595,263.9668,5727438,33728.67,155.9566,85410.64,567.5495,138.8919,1.211351,1.766257,24750.3,23472.25,175.0413,73.72087,9.748512,8.224243,65.99562,7874966,5132531,0.0739317,97.65995,15.62313,25430.2,23871.6,93766.78,85810,87201.75,2,0.0629378,33844.044,0.852286244,28844.813
2022,29.26452,-11.00533,9.446976,49015.44,1.113084,277.6033,2.270806,337108,0.0927072,0.1967257,1.127851,0.0223435,4.40762,0.9340097,0.7998022,0.65,1944486,30768.96,30769.03,238534.5,238535.1,430155.2,430155.8,24105.46,30.79579,0.0341637,0.3389058,-5356.762,-8241.172,-1.231542,-1.231542,81688.94,400967.6,0.512,6748383,4481612,60.01648,34.39956,3.72197,173208,-411892.4,-5.515944,-5.515945,223444.6,113830.1,0.0125783,0.9467118,16.30687,1.260786,553186.6,3.805,3.716256,1249159,650221.3,0.1199021,1802346,18798380,15907200,0.4665951,57242.8,28297.72,0.2790741,55923.85,27651.88,0,0.8451228,0.8379286,7.505614,1.123567,354.3752,8542375,350.4034,7602903,352492,719328.9,1.046211,0.0358101,0.0279885,5.07931,4301240,8.941773,7.96557,28.78054,10.98509,98953.54,67733.11,33771.03,21.26773,318.1024,3636266,0.7516931,1.01505,14.8529,463364.9,1532594,1000,3280705,-214681.5,0.6299421,0,0,0,0,0,133706.3,0.0322801,3.647769,0.00556178,0.0547453,2.304123,2.198557,6.563017,1420.387,1.055598,1.05209,375.4227,9049733,355.6493,7716725,12.41203,1.166093,309.7766,7467305,295.1343,6403694,280.3449,6082802,34474.69,160.652,88988.82,578.6053,140.6508,1.250744,0,26945.75,25041.53,177.964,77.32629,10.08929,8.466946,67.74412,7953953,5180682,0.0765636,99.33827,15.64049,27605.03,25392.32,99650.8,89339.61,89837.93,2,0.0862558,33962.076,0.852286241,
2023,23.24396,-9.922404,6.830832,52422.02,1.135346,290.5581,2.366305,376312.9,0.0927072,0.1967257,1.150408,0.0230218,4.594048,0.914123,0.815183,0.65,2173054,34307.78,34307.78,265969.1,265969.1,485582.2,485582.2,24553.99,30.79579,0.0341637,0.3532888,-5711.072,-8786.264,-1.231542,-1.231542,93024.08,425420.2,0.512,7211696,4953678,59.28828,34.39949,3.722853,192907.2,-427797.8,-5.120116,-5.120116,262292.2,126597.1,0.0125783,0.6500997,13.44356,1.311217,592481.9,3.71475,3.725,1417613,745345.6,0.1199021,2010095,20375710,16415120,0.4665951,57570.71,28497.04,0.2811754,56234.41,27841.17,0,0.8466456,0.8409816,7.509998,1.167766,396.7397,9741546,384.4688,8342041,392232.4,802059.5,1.09093,0.0358101,0.0279885,5.299172,4740854,9.267889,8.169631,28.5754,11.31138,99698.63,67998.59,33885.45,21.90995,318.1038,4059155,0.7835206,1.010339,14.85312,491173.7,1745256,1000,3533817,-243631.4,0.6299407,0,0,0,0,0,149678.3,0.0322801,3.665173,0.00811985,0.0547453,2.321136,2.211948,6.741026,1472.274,1.076995,1.073131,409.9023,10064740,380.5982,8258054,13.42076,1.219965,340.2802,8355238,315.646,6848751,298.784,6482887,35259.49,165.477,91559.96,590.2849,142.6311,1.290357,0,28628.32,26071.07,181.0908,80.67339,10.41785,8.683855,69.75629,8031800,5228025,0.0788756,101.0861,15.65923,29399.03,26494.59,104910.2,91983.47,92648.93,2,0.095,34113.141,0.852286237,
2024,24.68947,-8.919672,6.589258,55997.88,1.158053,304.4393,2.468661,422072,0.0927072,0.1967257,1.173415,0.0236448,4.793802,0.8966854,0.8305638,0.65,2434551,38415.55,38415.48,297814.5,297813.9,550263.5,550262.9,24997.33,30.79579,0.0341637,0.3686951,-6091.956,-9372.242,-1.231542,-1.231542,106375.4,452642.1,0.512,7695749,5442928,58.11174,34.39939,3.723886,213199.4,-438805.1,-4.684928,-4.68493,338619.7,138984.4,0.0125783,0.4963128,11.66718,1.363666,633371.3,3.629012,3.735417,1526267,831068.4,0.1199021,2159639,22053570,16919080,0.4665951,57888.7,28666.87,0.2831932,56535.34,28001.74,0,0.8483071,0.844309,7.515195,1.213004,429.2255,10729500,407.6669,8845383,436773.3,898091.6,1.138816,0.0358101,0.0279885,5.51975,5082794,9.594567,8.37792,28.36737,11.6397,100414.1,68240.27,33953.05,22.54648,318.1024,4552742,0.8176269,1.00722,14.85341,520072.5,1995745,1000,3797430,-262306.4,0.629939,0,0,0,0,0,167250.5,0.0322801,3.687082,0.0102221,0.0547453,2.337859,2.226964,6.908951,1528.161,1.098806,1.094588,442.0296,11049560,402.2819,8728539,14.1706,1.280263,374.6925,9366314,337.1772,7315925,318.8005,6917195,35996,170.2242,94153.59,600.9862,144.3016,1.331344,0,30294.6,27032.58,183.8732,84.03144,10.7482,8.905256,71.78103,8108605,5274625,0.0811671,102.587,15.67857,31110.22,27474.28,110233.9,94595.3,95601.4,2,0.1054167,34287.22,0.852285392,
2025,26.32721,-8.052961,6.403614,59710.54,1.181214,320.2493,2.585222,471582.6,0.0927072,0.1967257,1.196877,0.0243495,5.021325,0.8820072,0.8459446,0.65,2711194,42916.21,42916.21,332705.5,332705.5,621939.7,621939.7,25442.7,30.79579,0.0341637,0.3862427,-6522.49,-10034.59,-1.231542,-1.231542,121159.4,482207.5,0.512,8199683,5954279,56.92283,34.3993,3.763478,233271,-438081.8,-4.188055,-4.188057,426282.2,152628.6,0.0125783,0.3810611,10.13212,1.418212,676332.9,3.547562,4.13125,1634011,923804,0.1199021,2310344,23826920,17433750,0.4665951,58198.84,28838.03,0.2851469,56828.57,28163.63,0,0.8500764,0.8478646,7.71313,1.259702,464.1262,11808620,432.0361,9374135,477055.9,1003314,1.193371,0.0358101,0.0279885,5.754162,5432653,9.935588,8.58955,28.15784,11.9768,101106.8,68463.06,34012.54,23.18768,318.1045,5086797,0.8564836,1.006636,14.85371,549038.8,2273112,1000,4083078,-280823,0.6299372,0,0,0,0,0,186991.3,0.0322801,3.712693,0.0119505,0.0547453,2.35445,2.241441,7.293685,1585.868,1.121056,1.116479,476.9269,12134310,425.4267,9230724,14.92592,1.340892,411.1306,10460260,359.5321,7800970,340.0474,7378202,36847.85,175.3862,96797.27,613.638,146.5018,1.373315,0,32053.96,28026.36,187.3306,87.60007,11.09009,9.130207,73.85993,8184437,5320529,0.0834753,104.4195,15.69841,32908.68,28480.16,115345.2,97251.08,98708.05,2,0.50125,34450.521,0.852284823,
2026,28.33708,-7.27529,6.285,63657.41,1.204838,336.9924,2.708711,526662,0.0927072,0.1967257,1.220815,0.0250578,5.262264,0.8683405,0.8613254,0.65,3017043,47914.88,47915.09,371457.1,371458.9,701347.4,701350.4,25895.99,30.79579,0.0341637,0.4048217,-6985.783,-10747.36,-1.231542,-1.231542,137327.2,513958.7,0.512,8735599,6475625,55.46247,34.39922,3.812428,254917.6,-440600.5,-3.773659,-3.773657,520925,167702.8,0.0125783,0.2923362,8.775822,1.474941,721716,3.470184,4.620833,1744925,1025395,0.1199021,2466641,25696510,17974180,0.4665951,58567.67,29010.76,0.2870416,57179.14,28327.12,0,0.8519547,0.8516491,7.957909,1.308219,501.6067,12989610,457.6197,9929237,521229.9,1120172,1.251096,0.0358101,0.0279885,5.989473,5798157,10.28145,8.80998,27.94543,12.32718,101778.6,68745.05,34064.22,23.844,318.1031,5680919,0.8976324,1.006778,14.85398,579086.1,2576443,1000,4379071,-299884.1,0.6299355,0,0,0,0,0,208535.9,0.0322801,3.741357,0.0133728,0.0547453,2.37082,2.257842,7.726048,1645.513,1.143767,1.138815,514.8571,13332740,450.1416,9766979,15.7051,1.4039,450.8684,11675690,383.2971,8316615,362.6175,7867917,37724.23,180.6005,99486.52,626.7139,148.8401,1.416132,0,33914.58,29055.22,190.9592,91.18239,11.44011,9.364511,76.02074,8259277,5364223,0.0858381,106.3141,15.71868,34800.61,29513.94,120536.2,99945.3,101939.7,2,0.9908333,34680.829,0.852284259,
2027,33.12007,-6.618318,6.738815,68093.03,1.228935,352.8929,2.826084,582599.4,0.0927072,0.1967257,1.245231,0.0257206,5.490995,0.8590108,0.8767062,0.65,3301452,52325.92,52375.39,405654.1,406037.3,773367.7,774098.2,26257.68,30.79579,0.0341637,0.4224343,-7417.571,-11410.65,-1.231542,-1.231542,145553.4,543527.3,0.512,9331930,6950050,53.8547,34.39976,3.811533,277516.1,-474424.1,-3.676229,-3.684974,569416.8,180189.4,0.0125783,0.2290557,7.673869,1.523649,776090.8,3.396675,4.620833,1828267,1123714,0.1199021,2604358,27639940,18547390,0.4665951,59006.73,29296.21,0.2888667,57598.23,28600.68,0,0.8550691,0.8579486,7.953403,1.353456,529.1367,13893910,473.1175,10265510,569257.8,1223330,1.305832,0.0358101,0.0279885,6.227151,6150981,10.63234,9.037092,27.72756,12.68739,102425.8,69008.14,34146.82,24.51121,317.6526,6284295,0.9366418,1.005625,14.85242,611900.2,2827027,1056.402,4688817,-278988.2,0.6299466,0,0,0,0,0,231916.1,0.0322801,3.772379,0.0144757,0.0547453,2.387021,2.268029,7.874299,1698.669,1.166929,1.161585,545.5714,14325450,467.5271,10144210,16.44243,1.450255,491.4821,12905190,410.1186,8898572,384.2738,8337806,38563.46,185.5283,102486,639.3348,151.1448,1.455927,0,35769.44,30024.91,194.4715,94.80071,11.79712,9.605917,78.24211,8333078,5407154,0.08824,108.1894,15.73862,36653.54,30457.83,126528.7,102919.1,105171.7,2,0.9908333,34861.32,0.852283601,
2028,38.19648,-6.058319,7.167099,72387.37,1.253501,368.6871,2.94317,640469.5,0.0927072,0.1967257,1.270113,0.0263664,5.717842,0.8502664,0.892087,0.65,3605796,57146.82,57171.72,443028,443220.5,852548.6,852919.3,26606.17,30.79579,0.0341637,0.4397983,-7852.401,-12073.92,-1.231542,-1.231542,153587.6,573744.5,0.512,9910632,7469057,52.67489,34.39935,3.811116,298415.2,-519053,-3.660578,-3.600725,621561.7,193423,0.0125783,0.1806265,6.723612,1.573672,832911.9,3.326841,4.620833,1886327,1227805,0.1199021,2719239,29630420,19158040,0.4665951,59353.95,29513.95,0.2906082,57932.46,28810.52,0,0.8571077,0.8620856,7.951328,1.399142,557.999,14846210,489.037,10610940,619861,1334796,1.359777,0.0358085,0.0279885,6.446901,6507112,10.95769,9.248484,27.50525,13.02216,103043.3,69249.11,34235.53,25.13788,317.4449,6908520,0.9750973,1.005018,14.8536,646108.7,3086742,1115.761,4994208,-260838.1,0.629938,0,0,0,0,0,256633.4,0.0324626,3.805284,0.0153525,0.0547453,2.39494,2.272083,8.019413,1754.161,1.190014,1.184344,577.9696,15377550,485.6829,10538140,17.17755,1.497873,532.942,14179540,436.2913,9466459,406.169,8812879,39399.16,190.3485,105520.4,651.9852,153.5106,1.496392,0,37726.84,31034.48,198.0334,98.14617,12.12893,9.830612,80.30674,8405863,5449338,0.090496,110.0927,15.75841,38606.95,31439.58,132743.8,105925.9,108531.6,2,0.9908333,35013.583,0.852282178,
2029,43.59204,-5.566669,7.567615,76700.34,1.278538,384.3105,3.058627,701229.1,0.0927072,0.1967257,1.295459,0.0269997,5.942696,0.8420399,0.9074678,0.65,3928961,62275.85,62287.52,482790.4,482880.5,937409,937583.9,26941.53,30.79579,0.0341637,0.4571066,-8288.324,-12738.57,-1.231542,-1.231542,161837.7,603147.6,0.512,10493060,8033288,51.76342,34.39946,3.810937,321128.9,-564319.3,-3.636258,-3.520689,677179.9,207497,0.0125783,0.1426913,5.887564,1.624689,891461.2,3.260499,4.620833,1936718,1338802,0.1199021,2828179,31658580,19808870,0.4665951,59630.1,29659.58,0.2922463,58204.33,28953.51,0,0.858439,0.8648024,7.950436,1.445393,588.4557,15853890,505.5189,10968560,671384.8,1453972,1.413532,0.0358101,0.0279885,6.666214,6872580,11.28583,9.467115,27.27896,13.36482,103624.1,69463.4,34296.36,25.78082,317.3558,7563913,1.013432,1.004672,14.85337,681846.6,3364641,1178.065,5292049,-245309.9,0.6299401,0,0,0,0,0,285205.5,0.0329526,3.839647,0.0160345,0.0547453,2.391016,2.267752,8.160675,1811.884,1.213793,1.207793,612.3061,16496460,504.4567,10945480,17.92598,1.546432,576.0341,15519230,462.5182,10035520,428.6961,9301663,40235.62,195.0865,108637.1,664.722,155.9529,1.537547,0,39794.81,32081.63,201.6572,101.4852,12.46621,10.06302,82.42004,8477661,5490794,0.0928107,112.0245,15.77808,40668.14,32456.52,139256.9,109012,112010.9,2,0.9908333,35167.038,0.852280651,
2030,49.28678,-5.127532,7.933086,81097.7,1.30405,399.737,3.172508,765585.3,0.0927072,0.1967257,1.321289,0.0276215,6.164855,0.8342939,0.9228487,0.65,4270686,67719.43,67724.34,524991.5,525029.2,1028046,1028121,27264.15,30.79579,0.0341637,0.4742395,-8724.258,-13403.07,-1.231542,-1.231542,170319.4,631629.6,0.512,11087200,8641556,51.01664,34.39974,3.810867,345685.3,-608404.8,-3.591804,-3.444655,736288,222421.8,0.0125783,0.1128738,5.151768,1.676522,951549.8,3.197474,4.620833,1987630,1456843,0.1199021,2939180,33723300,20501370,0.4665951,59849.27,29776.06,0.2937676,58415.93,29065.73,0,0.8593106,0.8665866,7.950092,1.492219,620.5451,16918630,522.5402,11337890,723469.6,1580774,1.466726,0.0358142,0.0279885,6.885441,7247310,11.61716,9.693126,27.04793,13.7158,104163.5,69648.01,34360.16,26.43825,317.3213,8258099,1.051381,1.004445,14.85259,719170.6,3662282,1243.333,5589380,-231247.8,0.6299457,0,0,0,0,0,318305,0.0337064,3.875168,0.016573,0.0547453,2.394933,2.270927,8.297683,1871.768,1.238156,1.231821,648.5815,17683020,523.8289,11365810,18.68878,1.595765,621.2813,16938700,489.2157,10614790,451.7941,9802834,41074.38,199.7561,111855,677.5602,158.4737,1.57942,0,41976.54,33165.03,205.3461,104.8223,12.80926,10.30322,84.58429,8548487,5531537,0.0951776,113.9836,15.79767,42839.92,33507.16,146104.3,112197.2,115606,2,0.9908333,35287.846,0.85227901,
2031,55.84267,-4.720559,8.33035,85784.4,1.330057,415.5496,3.28918,835740.5,0.0927072,0.1967257,1.347618,0.0282255,6.392624,0.8269973,0.9382295,0.65,4635970,73606.61,73608.1,570631.4,570642.6,1124309,1124331,27574.31,30.79579,0.0341637,0.491821,-9172.544,-14086.83,-1.231542,-1.231542,178976.3,660608.7,0.512,11719490,9291701,50.26757,34.40009,3.81085,371581.8,-650329,-3.518242,-3.372422,800255.3,238308.2,0.0125783,0.0888776,4.489674,1.729093,1015101,3.1376,4.620833,2044155,1583932,0.1199021,3059257,35830710,21242920,0.4665951,60115.22,29878.59,0.2951689,58670.22,29162.92,0,0.8598715,0.8677584,7.949993,1.539631,654.0548,18035110,539.8696,11713910,777766.4,1718075,1.521295,0.0358186,0.0279885,7.104911,7639974,11.95192,9.926585,26.81287,14.0751,104660.4,69911.86,34431.93,27.10944,317.3115,9014839,1.090327,1.004277,14.85159,759081.4,3985641,1312.249,5898829,-217878,0.6299529,0,0,0,0,0,356288.4,0.0346173,3.911591,0.0169941,0.0547453,2.40371,2.281543,8.429622,1933.527,1.263055,1.256379,687.0895,18946010,543.9902,11803260,19.48581,1.6458,670.352,18484480,517.6301,11231310,476.1975,10332330,41906.57,204.2263,115173,690.4008,161.1275,1.622018,0,44260.38,34272.1,209.1059,108.1634,13.15816,10.55137,86.80018,8618349,5568725,0.0975936,115.941,15.81714,45119.69,34585.76,153307.2,115486.1,119266.7,2,0.9908333,35479.931,0.852277232,
2032,62.5674,-4.353359,8.663419,90607.87,1.356571,431.379,3.405922,910419.9,0.0927072,0.1967257,1.374461,0.0288226,6.620675,0.820119,0.9536103,0.65,5019608,79805.75,79806.26,618690,618693.6,1226016,1226024,27872.31,30.79579,0.0341637,0.5094381,-9624.854,-14777.75,-1.231542,-1.231542,187850.5,689432.9,0.512,12370060,9981608,49.58712,34.40044,3.810842,398530.4,-690144.5,-3.428534,-3.303801,867640.7,255114.9,0.0125783,0.0700687,3.910034,1.782352,1079568,3.08072,4.620833,2110257,1718695,0.1199021,3189825,37987790,22033280,0.4665951,60344.44,29973.8,0.2964584,58886.66,29251.98,0,0.8602375,0.8685279,7.949964,1.587649,689.4911,19217700,557.8706,12104510,833829.1,1862736,1.575938,0.0358227,0.0279885,7.321009,8042275,12.28792,10.17254,26.57354,14.44552,105117.6,70148.59,34511.04,27.79184,317.3085,9820380,1.129375,1.004128,14.85069,800757.4,4329463,1384.252,6218282,-205618.2,0.6299593,0,0,0,0,0,397982.9,0.0355386,3.948714,0.0173237,0.0547453,2.415762,2.294433,8.557516,1997.794,1.288479,1.281445,727.6824,20282180,564.7607,12253930,20.29836,1.696491,722.2021,20129430,546.8513,11865340,500.9435,10869250,42744.97,208.6472,118587.8,703.391,163.8765,1.665368,0,46678.44,35423.66,212.9474,111.4533,13.51314,10.81281,89.08444,8687228,5605149,0.1000505,117.9198,15.83654,47526.74,35703.52,160861.6,118867.7,123069.5,2,0.9908333,35637.549,0.852275406,
2033,69.71863,-4.019214,8.969611,95609.23,1.383601,447.2755,3.523216,990249.4,0.0927072,0.1967257,1.40183,0.0294113,6.8496,0.813634,0.9689911,0.65,5427413,86394.63,86395.17,669769.9,669773.8,1334398,1334406,28158.47,30.79579,0.0341637,0.5271081,-10081.99,-15476.54,-1.231542,-1.231542,196982.2,719214.3,0.512,13044160,10713660,48.95014,34.40074,3.810836,427045.3,-732330.4,-3.345976,-3.238611,939274.4,272893.5,0.0125783,0.0552429,3.400844,1.836289,1146003,3.026684,4.620833,2182777,1861824,0.1199021,3328780,40199300,22872150,0.4665951,60543.8,30060.54,0.2976469,59072.66,29332.16,0,0.8604758,0.8690332,7.949932,1.636274,726.7274,20463530,576.3819,12506170,893290.1,2016516,1.630729,0.0358262,0.0279885,7.537493,8456116,12.62763,10.42663,26.33002,14.82502,105539.1,70360.85,34590.79,28.48547,317.3053,10681480,1.168547,1.003985,14.84989,844248.6,4695083,1459.443,6546941,-194254.5,0.6299652,0,0,0,0,0,442482.6,0.0363812,3.986393,0.0175802,0.0547453,2.429891,2.30881,8.681369,2064.157,1.314414,1.307013,770.4833,21695620,586.1796,12718670,21.13052,1.747827,777.276,21886890,577.1319,12522350,526.4352,11422370,43587.97,213.0106,122113.5,716.5006,166.7151,1.709479,0,49222.02,36609.35,216.8611,114.749,13.87432,11.08288,91.42472,8755084,5640786,0.1025476,119.9132,15.85586,50056.31,36853.17,168802.8,122357.6,126980.7,2,0.9908333,35770.063,0.852273138,
2034,77.33499,-3.71421,9.25254,100802,1.41117,463.275,3.641317,1075605,0.0927072,0.1967257,1.429735,0.0299913,7.079945,0.8075173,0.9843719,0.65,5860886,93399.01,93399.99,724070.9,724078.1,1449923,1449938,28433.11,30.79579,0.0341637,0.5448752,-10544.48,-16183.89,-1.231542,-1.231542,206375.5,749978.9,0.512,13743530,11490020,48.34833,34.40097,3.810827,457209.9,-776708.7,-3.268277,-3.17668,1015430,291691.5,0.0125783,0.0435386,2.953588,1.890909,1214556,2.97535,4.620833,2261707,2013924,0.1199021,3476261,42469930,23759400,0.4665951,60719.35,30129.36,0.2987505,59234.55,29394.45,0,0.8606266,0.8693651,7.949882,1.685527,765.8395,21775200,595.404,12918920,956292.1,2179991,1.685803,0.0358286,0.0279885,7.754383,8882719,12.97114,10.68923,26.08248,15.21378,105930.4,70552.48,34656.74,29.19006,317.3004,11602170,1.207946,1.003844,14.84929,889569.4,5084178,1537.865,6887148,-183687.2,0.6299697,0,0,0,0,0,490158.2,0.0371604,4.024495,0.0177773,0.0547453,2.445344,2.324926,8.801305,2132.608,1.340869,1.333089,815.6023,23190100,608.2642,13197850,21.98407,1.799812,835.8244,23765080,608.5569,13204200,552.73,11992890,44435.02,217.3185,125751.9,729.7165,169.639,1.754383,0,51895.85,37828.89,220.8412,118.051,14.24185,11.36201,93.82228,8821863,5675603,0.1050842,121.9173,15.87511,52712.89,38034.44,177149.5,125957.7,130999.7,2,0.9908333,35895.737,0.852270578,
2035,85.46117,-3.435194,9.515951,106195.8,1.439285,479.3526,3.76004,1166850,0.0927072,0.1967257,1.458198,0.0305645,7.311354,0.8017457,0.9997527,0.65,6321580,100844,100845.5,781786.4,781798.3,1573056,1573080,28696.57,30.79579,0.0341637,0.5627138,-11011.52,-16898.44,-1.231542,-1.231542,216058.1,781784.9,0.512,14469570,12312980,47.77672,34.40116,3.810809,489103.5,-823362.3,-3.194806,-3.117846,1096374,311555.9,0.0125783,0.034295,2.56116,1.946219,1285325,2.926582,4.620833,2347002,2175561,0.1199021,3632328,44804190,24695090,0.4665951,60875.75,30178.8,0.299782,59377.24,29437.59,0,0.860719,0.869583,7.949807,1.735414,806.8933,23155060,614.9333,13342670,1023058,2353732,1.741084,0.0358303,0.0279885,7.971903,9322949,13.31868,10.96043,25.8309,15.61191,106296.1,70726.62,34704.91,29.90563,317.2929,12586410,1.247519,1.003701,14.84879,936721.8,5498217,1619.562,7239751,-173840.2,0.6299729,0,0,0,0,0,541209.2,0.0378817,4.062912,0.0179257,0.0547453,2.461594,2.342577,8.917693,2203.145,1.367848,1.359679,863.1474,24769370,631.026,13691730,22.86025,1.852459,898.0834,25771910,641.1907,13912280,579.8718,12581800,45288.89,221.6038,129503.6,743.0685,172.6402,1.800087,0,54705.02,39082.16,224.8892,121.3624,14.61596,11.65027,96.27755,8887524,5709579,0.1076602,123.9354,15.89426,55501.21,39247,185917,129668.3,135127,2,0.9908333,36021.712,0.852267801,
2036,93.7025,-3.185582,9.733465,111614.4,1.46796,495.1584,3.876793,1262182,0.0927072,0.1967257,1.487229,0.0311304,7.538819,0.7962985,1.015134,0.65,6804466,108584.4,108587.7,841796.9,841820.4,1704805,1704852,28949.17,30.79579,0.0341637,0.5802392,-11474.73,-17607.25,-1.231542,-1.231542,226043.8,813412.2,0.512,15199280,13185600,47.31299,34.40129,3.810785,522809.5,-873088.1,-3.132841,-3.061954,1180549,332483.6,0.0125783,0.0271517,2.225068,2.002221,1355952,2.880253,4.620833,2436650,2344742,0.1199021,3792601,47202020,25671110,0.4665951,60919.74,30212.39,0.3007451,59409.98,29465.14,0,0.8607867,0.8697262,7.949675,1.785956,850.3012,24615510,635.2181,13782820,1092100,2534371,1.795383,0.0358315,0.0279885,8.190955,9766892,13.67089,11.23945,25.57477,16.0191,106637.6,70772.17,34737.82,30.63193,317.2797,13614700,1.286403,1.003552,14.84842,987170.7,5931378,1706.566,7596757,-164952.1,0.6299758,0,0,0,0,0,595146.7,0.038549,4.101565,0.0180351,0.0547453,2.478286,2.357557,9.030458,2276.482,1.39536,1.386794,913.0892,26433170,654.3752,14198350,23.73808,1.905764,962.6839,27868890,673.969,14623480,606.9659,13169680,46146.91,225.8769,133423.6,756.5119,175.6708,1.846609,0,57677.92,40385.39,228.9907,124.6973,14.99675,11.94692,98.78863,8952049,5742422,0.1102745,125.9735,15.91331,58450.62,40507.98,195203.3,133546,139407.4,2,0.9908333,36034.35,0.852264843,
2037,102.6863,-2.955772,9.956567,117243.7,1.497207,511.0638,3.994276,1363920,0.0927072,0.1967257,1.51684,0.0316892,7.767707,0.7911557,1.030514,0.65,7321096,116875.3,116879.1,906070.3,906098.2,1846432,1846489,29191.25,30.79579,0.0341637,0.5978759,-11942.36,-18323.14,-1.231542,-1.231542,236349.1,846426,0.512,15957060,14112840,46.87692,34.40133,3.810754,558443.3,-927756,-3.081616,-3.008856,1270689,354670.6,0.0125783,0.0214592,1.928922,2.058949,1429938,2.836241,4.620833,2527406,2524624,0.1199021,3957343,49663570,26688240,0.4665951,60947.17,30222.66,0.3016413,59426.47,29469.92,0,0.8608256,0.8698202,7.949526,1.837159,895.9166,26152910,656.0818,14235520,1165470,2727805,1.850018,0.0358322,0.0279885,8.412435,10226440,14.02864,11.524,25.31463,16.43536,106955.4,70800.83,34745.87,31.37271,317.2649,14712120,1.325536,1.003405,14.84825,1039657,6393339,1797.072,7965798,-156611.1,0.6299772,0,0,0,0,0,653232.3,0.0392002,4.140388,0.0181141,0.0547453,2.495115,2.373833,9.139958,2352.249,1.423417,1.414446,965.9431,28197080,678.6085,14724150,24.64304,1.959753,1031.342,30106150,708.0163,15362220,635.3395,13785320,47010.94,230.1252,137456.2,770.0817,178.7772,1.893967,0,60805.27,41727.46,233.1514,128.069,15.38436,12.24939,101.3555,9015438,5774414,0.1129412,128.028,15.93227,61550.2,41805.01,204946,137534.2,143811.5,2,0.9908333,36054.957,0.852261725,
2038,112.2327,-2.744525,10.16502,123069.2,1.527039,527.0578,4.112469,1472183,0.0927072,0.1967257,1.547038,0.0322417,7.997813,0.7862985,1.045895,0.65,7867935,125660.8,125664.8,974177.5,974209.6,1997190,1997256,29423.15,30.79579,0.0341637,0.6155939,-12413.93,-19045.04,-1.231542,-1.231542,246972.6,879959.1,0.512,16740880,15095410,46.46705,34.40139,3.810722,596191.2,-983179.9,-3.026446,-2.958413,1366208,378076.2,0.0125783,0.0169462,1.669541,2.11642,1506171,2.794429,4.620833,2623485,2715428,0.1199021,4129654,52191990,27747270,0.4665951,60960.18,30203.78,0.3024785,59428.9,29446.31,0,0.8608418,0.8698819,7.949367,1.889046,943.7855,27769130,677.4918,14700080,1241957,2932759,1.904891,0.0358327,0.0279885,8.635514,10700640,14.39127,11.8167,25.05042,16.86085,107252.2,70814.6,34721.7,32.12534,317.2488,15879920,1.364859,1.003262,14.8481,1094253,6884755,1891.232,8347971,-148809,0.6299783,0,0,0,0,0,716409.6,0.0398694,4.179326,0.0181686,0.0547453,2.511921,2.391841,9.246329,2430.199,1.452033,1.442646,1021.573,30057870,703.5465,15265240,25.57246,2.014453,1104.106,32486280,743.2453,16126620,664.5705,14419570,47880.79,234.352,141607.3,783.7676,181.9479,1.94218,0,64088.83,43105.35,237.3748,131.4653,15.77891,12.56046,103.9797,9077694,5805559,0.1156508,130.0924,15.95115,64801.06,43134.94,215169.6,141636.9,148330.2,2,0.9908333,36092.899,0.852258464,
2039,122.3906,-2.550047,10.36148,129097.3,1.557468,543.138,4.231309,1587337,0.0927072,0.1967257,1.577847,0.0327872,8.229157,0.7817096,1.061276,0.65,8447085,134968.3,134972.8,1046335,1046369,2157646,2157720,29645.21,30.79579,0.0341637,0.6334055,-12889.23,-19772.75,-1.231542,-1.231542,257922.5,914279,0.512,17551730,16135340,46.07839,34.40142,3.810692,636080.8,-1040544,-2.971528,-2.910493,1467401,402761.7,0.0125783,0.0133743,1.442987,2.174651,1584748,2.754707,4.620833,2725079,2917617,0.1199021,4309826,54790580,28849020,0.4665951,60961,30154.11,0.3032656,59419.41,29392.66,0,0.8608407,0.8699224,7.949205,1.941626,994.007,29467530,699.4589,15176730,1322171,3149883,1.960045,0.0358329,0.0279885,8.860488,11189540,14.75908,12.11726,24.78214,17.29573,107531.3,70815.67,34662.99,32.88988,317.2327,17122040,1.404396,1.003121,14.84801,1151004,7406541,1989.137,8742805,-141499.4,0.6299791,0,0,0,0,0,784402.6,0.0405263,4.21834,0.0182032,0.0547453,2.528833,2.411956,9.349661,2510.368,1.48122,1.471409,1080.122,32020420,729.2104,15822090,26.52592,2.069877,1181.208,35017130,779.6959,16917500,694.6968,15073230,48755.87,238.5581,145877.7,797.5579,185.1815,1.991268,0,67535.91,44519.79,241.6516,134.8902,16.18058,12.87995,106.6613,9138829,5835869,0.1184032,132.1672,15.96994,68209.98,44498.24,225895.5,145856,152966.8,2,0.9908333,36152.679,0.852255073,
2040,133.1874,-2.370763,10.54617,135336,1.588509,559.3802,4.351369,1709775,0.0927072,0.1967257,1.609276,0.0333266,8.462818,0.7773729,1.076657,0.65,9060553,144826.6,144832,1122763,1122802,2328397,2328481,29857.76,30.79579,0.0341637,0.6513918,-13369.85,-20508.74,-1.231542,-1.231542,269209.2,949530.6,0.512,18390560,17234990,45.70731,34.40145,3.810655,678185.5,-1100392,-2.918247,-2.864968,1574590,428787.4,0.0125783,0.0105493,1.245449,2.233659,1665778,2.716972,4.620833,2832334,3131799,0.1199021,4498112,57462710,29994420,0.4665951,60951.54,30085.67,0.3040093,59400.01,29320.81,0,0.8608284,0.8699491,7.949034,1.994925,1046.698,31252040,721.9967,15665760,1406525,3379854,2.015724,0.035833,0.0279885,9.08754,11693660,15.13227,12.42575,24.50989,17.74016,107795,70805.68,34583.25,33.66636,317.2155,18442740,1.444335,1.002981,14.84796,1209975,7960160,2090.889,9150898,-134640.9,0.6299792,0,0,0,0,0,857279.2,0.0411598,4.257395,0.0182225,0.0547453,2.545524,2.433028,9.450102,2592.803,1.510992,1.500747,1141.731,34089530,755.6168,16395050,27.50394,2.126039,1262.898,37707300,817.4163,17735940,725.7617,15747270,49636.35,242.7422,150270.1,811.4546,188.4815,2.041246,0,71153.96,45971.46,245.9828,138.3466,16.58952,13.20791,109.4025,9198847,5865349,0.1211984,134.2477,15.98864,71783.85,45895.45,237146,150193.7,157722.9,2,0.9908333,36222.428,0.85225156,
2041,143.5865,-2.20974,10.65944,141539.8,1.620174,575.3712,4.469591,1836481,0.0927072,0.1967257,1.641335,0.0338803,8.692844,0.7732735,1.092038,0.65,9702628,155069.1,155075.7,1202167,1202215,2510636,2510740,30061.13,30.79579,0.0341637,0.6690927,-13845.72,-21237.45,-1.231542,-1.231542,281089.5,984538.5,0.512,19226090,18398700,45.4363,34.40145,3.810616,722597.4,-1164479,-2.875727,-2.82172,1685957,456345,0.0125783,0.00835843,1.076925,2.293455,1746835,2.681123,4.620833,2943544,3355620,0.1199021,4690379,60206240,31176370,0.4665951,60854.56,30006.67,0.3047136,59295.39,29238.75,0,0.8608208,0.8699666,7.948836,2.04896,1103.411,33169790,746.0921,16188590,1493403,3618757,2.070512,0.035833,0.0279885,9.316639,12202710,15.51085,12.74274,24.23309,18.19437,108044.7,70693.64,34491.75,34.45425,317.1957,19809470,1.483648,1.00284,14.84798,1272169,8538148,2197.618,9563499,-128449.3,0.6299792,0,0,0,0,0,934303.6,0.0417657,4.29647,0.0182333,0.0547453,2.562108,2.451426,9.550031,2679.886,1.54136,1.530673,1206.889,36280410,783.0023,16989250,28.48532,2.182955,1347.035,40493390,854.9266,18549820,756.8474,16421750,50556.84,247.2272,154904,825.9154,191.8167,2.092126,0,75039.77,47517.34,250.4517,141.8343,17.0059,13.54481,112.2033,9257745,5897064,0.1240347,136.4199,16.00729,75608.51,47376.76,249126.5,154763.3,162786.2,2,0.9908333,36201.889,0.85224793,
2042,155.0755,-2.059916,10.79603,147989.4,1.652474,591.4435,4.588364,1971430,0.0927072,0.1967257,1.67404,0.0344299,8.924069,0.7694001,1.107418,0.65,10386620,165991.7,165998.4,1286842,1286893,2705994,2706100,30255.64,30.79579,0.0341637,0.686895,-14324.58,-21970.9,-1.231542,-1.231542,293467.2,1020732,0.512,20094240,19631690,45.17231,34.40143,3.810581,769477.6,-1233849,-2.839074,-2.780634,1804708,485366.9,0.0125783,0.00661345,0.9295263,2.354076,1831481,2.647067,4.620833,3055754,3592808,0.1199021,4887235,63020580,32396470,0.4665951,60748.33,29913.52,0.305379,59182,29143.02,0,0.8608072,0.869978,7.948648,2.103722,1162.441,35170400,770.4986,16718180,1584821,3873498,2.125638,0.0358327,0.0279885,9.555016,12728790,15.89951,13.05882,23.95219,18.65417,108280.7,70571.36,34384.21,35.25603,317.1769,21265110,1.523172,1.002708,14.84806,1336906,9152776,2308.766,9985491,-122575,0.6299789,0,0,0,0,0,1017012,0.0423823,4.335541,0.0182307,0.0547453,2.578389,2.470377,9.647558,2768.677,1.572326,1.561193,1275.389,38587720,811.1483,17599940,29.49483,2.240651,1436.412,43459550,893.923,19395960,789.303,17125960,51487.12,251.7409,159700.3,840.5381,195.2084,2.143932,0,79089.8,49086.42,254.9769,145.4635,17.42981,13.88078,115.0391,9315508,5927983,0.1269214,138.6114,16.02584,79592.56,48879.28,261747.2,159493,167919.8,2,0.9908333,36187.145,0.852244194,
2043,167.192,-1.921256,10.922,154637.6,1.685424,607.5797,4.707644,2114300,0.0927072,0.1967257,1.707404,0.0349761,9.15618,0.7657371,1.122799,0.65,11108330,177525.9,177532.8,1376261,1376313,2913501,2913610,30441.63,30.79579,0.0341637,0.7047561,-14805.85,-22707.86,-1.231542,-1.231542,306290.8,1057309,0.512,20988940,20934470,44.92426,34.40142,3.810541,819026.5,-1303723,-2.797721,-2.741602,1930107,515936.7,0.0125783,0.0052298,0.8012794,2.415541,1918521,2.614714,4.620833,3173238,3843551,0.1199021,5091759,65908130,33656140,0.4665951,60632.92,29808.4,0.3060049,59059.86,29035.76,0,0.8607889,0.8699856,7.948466,2.159254,1224.448,37274180,795.5856,17262530,1679522,4142495,2.180947,0.0358325,0.0279885,9.796922,13270630,16.29465,13.38189,23.66714,19.12307,108502.6,70438.78,34263.1,36.07054,317.1589,22806220,1.562834,1.002582,14.84812,1404188,9804607,2424.251,10422610,-117048.9,0.6299786,0,0,0,0,0,1106804,0.043026,4.374585,0.0182174,0.0547453,2.5944,2.489748,9.74286,2860.004,1.60391,1.592327,1347.434,41018080,840.0936,18227990,30.52967,2.299153,1530.781,46599470,934.1194,20268110,822.674,17850020,52428.82,256.298,164645,855.3381,198.6488,2.196683,0,83343.41,50698.42,259.5685,149.146,17.86141,14.2242,117.9308,9372118,5958096,0.1298534,140.8226,16.04426,83770.85,50420.25,275007.9,164366.8,173192,2,0.9908333,36175.678,0.852240357,
2044,179.9802,-1.792808,11.03921,161486.5,1.719038,623.7639,4.82727,2265461,0.0927072,0.1967257,1.741439,0.0355184,9.38899,0.7622725,1.13818,0.65,11870000,189699.9,189706.7,1470637,1470690,3133729,3133838,30619.4,30.79579,0.0341637,0.7226728,-15289,-23447.72,-1.231542,-1.231542,319575.1,1094554,0.512,21910650,22309240,44.68908,34.40139,3.810509,871262.1,-1375765,-2.755882,-2.704522,2062460,548129.9,0.0125783,0.00413395,0.6899323,2.477876,2007999,2.583978,4.620833,3296179,4108299,0.1199021,5304178,68871360,34956550,0.4665951,60507.99,29688.93,0.3065889,58928.63,28914.65,0,0.8607668,0.8699905,7.948298,2.215569,1289.57,39485830,821.3689,17821980,1778266,4426405,2.236427,0.0358323,0.0279885,10.04282,13827900,16.69666,13.7115,23.37797,19.60113,108709.7,70295.45,34125.58,36.89798,317.1419,24436740,1.602623,1.002461,14.8482,1474095,10494240,2544.182,10872390,-111845.1,0.6299782,0,0,0,0,0,1203054,0.0436659,4.413582,0.0181963,0.0547453,2.610157,2.509773,9.835995,2953.919,1.636128,1.624088,1423.199,43577510,869.8586,18873810,31.58963,2.35848,1630.373,49921020,975.5296,21166620,856.9802,18594380,53381.1,260.8956,169736.9,870.305,202.1378,2.250397,0,87810.23,52354.42,264.2187,152.8898,18.30087,14.57455,120.8787,9427555,5987392,0.1328321,143.0533,16.06258,88152.4,52000.4,288931,169383,178606.1,2,0.9908333,36169.866,0.852236417,
2045,193.4563,-1.673692,11.14743,168540.2,1.753325,640.0518,4.947661,2425303,0.0927072,0.1967257,1.776161,0.0360541,9.623302,0.7589947,1.153561,0.65,12673770,202544.2,202551.1,1570215,1570266,3367293,3367404,30789.27,30.79579,0.0341637,0.7407054,-15775.27,-24192.4,-1.231542,-1.231542,333292.6,1132614,0.512,22859790,23758840,44.46489,34.40138,3.810478,926265.6,-1450647,-2.714901,-2.669296,2202103,582018.7,0.0125783,0.00326629,0.5933786,2.541099,2099977,2.554779,4.620833,3424644,4387702,0.1199021,5524621,71912880,36298770,0.4665951,60373.11,29554.42,0.3071286,58787.9,28778.98,0,0.8607401,0.8699938,7.94814,2.272693,1357.958,41810530,847.8653,18396920,1881496,4725952,2.292263,0.035832,0.0279885,10.29284,14400890,17.1057,14.04772,23.08473,20.08866,108901,70140.94,33970.84,37.73853,317.1263,26160900,1.642672,1.002345,14.84828,1546696,11223120,2668.642,11335150,-106940.2,0.6299778,0,0,0,0,0,1305806,0.0442907,4.452523,0.0181696,0.0547453,2.625688,2.530551,9.926716,3050.467,1.668994,1.656487,1502.853,46271740,900.4546,19537680,32.67528,2.418658,1735.436,53432800,1018.176,22091930,892.2421,19359480,54338.46,265.4833,174974.7,885.3638,205.6754,2.305091,0,92500.04,54055.12,268.9165,156.6958,18.74838,14.93192,123.8851,9481803,6015864,0.1358582,145.2884,16.0808,92745.73,53620.2,303539.8,174539.8,184164.7,2,0.9908333,36170.1,0.85223239,
2046,206.5916,-1.567014,11.21429,175421.7,1.788303,655.614,5.062707,2588469,0.0927072,0.1967257,1.811581,0.036576,9.847168,0.7558924,1.168942,0.65,13502060,215589,215597.9,1671340,1671410,3615957,3616105,30951.54,30.79579,0.0341637,0.7579308,-16244,-24910.17,-1.231542,-1.231542,347370.8,1168833,0.512,23786730,25288960,44.35146,34.40134,3.810437,984144.1,-1531259,-2.685501,-2.635831,2343945,617111.4,0.0125783,0.00260535,0.5130356,2.605208,2188912,2.52704,4.620833,3554443,4674786,0.1199021,5743355,75025960,37665910,0.4665951,60086.99,29408.21,0.3076241,58500.07,28632.04,0,0.8607315,0.8699959,7.947945,2.330646,1429.325,44239790,874.8193,18981770,1984870,5030159,2.34559,0.0358318,0.0279885,10.54591,14965550,17.52123,14.39199,22.78626,20.58656,109076.8,69809.21,33802.7,38.59203,317.1066,27920910,1.680939,1.002225,14.84841,1620926,11970800,2797.076,11788930,-102555.8,0.6299769,0,0,0,0,0,1412567,0.0448955,4.491399,0.0181384,0.0547453,2.641034,2.545875,10.01429,3148.295,1.702519,1.689538,1585.114,49061700,931.0404,20201310,33.73999,2.479677,1842.217,57019450,1059.784,22994720,926.3578,20099710,55287.77,270.0231,180292.5,900.2869,209.1715,2.360786,0,97380.28,55776.68,273.5983,160.5486,19.20409,15.29786,126.956,9534855,6040511,0.1389309,147.4938,16.09892,97520.88,55258.07,318748.5,179773.5,189794.6,2,0.9908333,36006.51,0.852228269,
2047,220.8718,-1.467395,11.29879,182512.9,1.823986,671.1742,5.177725,2760800,0.0927072,0.1967257,1.847711,0.0370914,10.071,0.7529556,1.184322,0.65,14387290,229554.7,229563,1779611,1779675,3883576,3883713,31106.51,30.79579,0.0341637,0.7751577,-16712.79,-25628.18,-1.231542,-1.231542,361910.7,1206558,0.512,24741930,26910130,44.25436,34.40127,3.810404,1045114,-1622380,-2.668044,-2.60404,2495772,654217,0.0125783,0.00207405,0.4426689,2.670264,2282739,2.500688,4.620833,3678865,4978293,0.1199021,5961604,78204740,39060400,0.4665951,59790.66,29246.84,0.3080751,58202.59,28470.48,0,0.8607183,0.8699973,7.947771,2.389449,1504.295,46793350,902.5423,19583320,2093647,5355797,2.398918,0.0358314,0.0279885,10.8033,15548900,17.94426,14.74176,22.48358,21.0955,109236.7,69466.01,33617.16,39.45926,317.0894,29779770,1.719213,1.002111,14.84858,1697884,12764920,2930.29,12256490,-98390.56,0.6299757,0,0,0,0,0,1527708,0.0455256,4.530202,0.0181062,0.0547453,2.656056,2.561791,10.09965,3249.085,1.736713,1.723246,1672.051,52011670,962.7681,20889730,34.83682,2.541597,1954.829,60807870,1102.662,23925070,962.3354,20880330,56241.7,274.57,185749.5,915.2802,212.6963,2.4175,0,102509.6,57548.43,278.314,164.4668,19.66809,15.66966,130.0944,9586708,6064300,0.1420528,149.6998,16.11696,102533.3,56940.97,334681.1,185142.1,195588.5,2,0.9908333,35848.851,0.852224066,
2048,235.8061,-1.374711,11.37509,189768.9,1.860385,686.668,5.292286,2941955,0.0927072,0.1967257,1.88457,0.0376011,10.29387,0.7501751,1.199703,0.65,15315440,244221.2,244229.3,1893312,1893375,4166624,4166758,31254.47,30.79579,0.0341637,0.7923005,-17179.92,-26343.42,-1.231542,-1.231542,376923.5,1243776,0.512,25719440,28620050,44.17314,34.40122,3.810374,1109577,-1711220,-2.641154,-2.573838,2655221,693202.9,0.0125783,0.00165038,0.381559,2.736286,2378673,2.475654,4.620833,3807293,5297662,0.1199021,6185965,81450120,40484340,0.4665951,59483.65,29070.23,0.3084774,57894.98,28294.24,0,0.8607026,0.8699982,7.947617,2.449129,1583,49475840,931.0274,20201410,2203920,5697788,2.451983,0.0358311,0.0279885,11.06484,16147170,18.37462,15.09876,22.17656,21.61478,109379.3,69110.57,33414.12,40.33947,317.0739,31733840,1.757307,1.002005,14.84874,1777665,13604220,3068.413,12736450,-94461.16,0.6299748,0,0,0,0,0,1653368,0.0462267,4.568937,0.0180736,0.0547453,2.670754,2.578316,10.18295,3352.624,1.771596,1.757634,1763.305,55111130,995.3199,21596020,35.9592,2.604434,2073.004,64790630,1146.537,24877060,999.1208,21678490,57200.81,279.126,191353.1,930.3507,216.2455,2.475254,0,107890.7,59366.63,283.0731,168.4488,20.14059,16.04914,133.2966,9637357,6087230,0.1452216,151.9059,16.13494,107783.8,58664.79,351376.6,190651.1,201533.3,2,0.9908333,35696.45,0.852219775,
2049,251.4016,-1.288418,11.44336,197186.5,1.897517,702.0616,5.406098,3132230,0.0927072,0.1967257,1.922171,0.0381046,10.5153,0.7475421,1.215084,0.65,16289140,259614.8,259622.6,2012649,2012710,4465650,4465783,31395.7,30.79579,0.0341637,0.8093373,-17644.43,-27054.69,-1.231542,-1.231542,392419,1281022,0.512,26718830,30419610,44.1031,34.40118,3.810343,1177441,-1800884,-2.610968,-2.545146,2822575,734152.3,0.0125783,0.00131321,0.3286323,2.803296,2476705,2.451871,4.620833,3940119,5633116,0.1199021,6416824,84763320,41939370,0.4665951,59165.08,28883.25,0.3088252,57576.3,28108,0,0.860685,0.8699988,7.947473,2.509698,1665.632,52293690,960.3031,20836650,2317053,6056735,2.504712,0.0358307,0.0279885,11.3306,16759200,18.81245,15.4629,21.86522,22.14477,109502.6,68741.85,33199.19,41.23326,317.0595,33786270,1.795167,1.001903,14.84892,1860376,14488250,3211.594,13226570,-90751.45,0.6299741,0,0,0,0,0,1788198,0.0469488,4.607603,0.0180413,0.0547453,2.685338,2.595206,10.26424,3458.971,1.807179,1.792712,1859.067,58366700,1028.712,22320550,37.1057,2.668216,2196.921,68973850,1191.387,25850200,1036.71,22494080,58164.71,283.6899,197106.3,945.4955,219.8213,2.534067,0,113535.7,61232.56,287.8688,172.4948,20.62172,16.43621,136.5653,9686800,6109304,0.148439,154.1152,16.15286,113284,60430.52,368869.7,196304.3,207633.4,2,0.9908333,35542.664,0.852215405,
2050,267.6803,-1.207967,11.50413,204767.1,1.935394,717.4713,5.520039,3331996,0.0927072,0.1967257,1.96053,0.0386038,10.73696,0.7450483,1.230465,0.65,17310800,275766.2,275773.7,2137861,2137919,4781286,4781413,31530.47,30.79579,0.0341637,0.8263892,-18109.11,-27766.16,-1.231542,-1.231542,408428.6,1318562,0.512,27740330,32310890,44.04089,34.40114,3.810319,1248741,-1892702,-2.57982,-2.517888,2998166,777161.5,0.0125783,0.00104482,0.2828336,2.871323,2576884,2.429278,4.620833,4077478,5985202,0.1199021,6654362,88145500,43426820,0.4665951,58834.36,28688.58,0.3091139,57246.07,27914.43,0,0.8606664,0.8699992,7.947348,2.57119,1752.4,55253980,990.3978,21489660,2433788,6433355,2.557486,0.0358304,0.0279885,11.60067,17384830,19.25793,15.83431,21.54966,22.68578,109605,68359.08,32975.41,42.14095,317.047,35941070,1.833067,1.001807,14.84905,1946135,15418100,3360.008,13727020,-87245.53,0.6299733,0,0,0,0,0,1931891,0.04767,4.646201,0.0180096,0.0547453,2.699598,2.612012,10.34376,3568.243,1.843477,1.828497,1959.566,61786020,1062.973,23063930,38.27678,2.732961,2326.819,73365670,1237.225,26844770,1075.12,23327500,59136.31,288.2736,203015,960.7618,223.4361,2.593968,0,119458.6,63147.92,292.7179,176.6059,21.11173,16.83095,139.9018,9735034,6130523,0.1517069,156.3339,16.17072,119045.9,62239.62,387200.9,202106.6,213894.1,2,0.9908333,35383.67,0.852210963,
