OBS,VNM_CAN_0,VNM_CANOTH_0,VNM_CANRATIO_0,VNM_CLIMLOSS_0,VNM_CMUD_0,VNM_CO2_0,VNM_COALC_0,VNM_CTAX_0,VNM_CTAXR_0,VNM_CXS_0,VNM_CXUD_0,VNM_DEP_0,VNM_EC_0,VNM_EFEX_0,VNM_EFF_0,VNM_ENAB_0,VNM_EXP_0,VNM_EXPE_0,VNM_EXPEB_0,VNM_EXPH_0,VNM_EXPHB_0,VNM_EXPSP_0,VNM_EXPSPB_0,VNM_EXR_0,VNM_FINC_0,VNM_FUELSH_0,VNM_GASC_0,VNM_GCARB_0,VNM_GCARBB_0,VNM_GCARBR_0,VNM_GCARBRB_0,VNM_GCOM_0,VNM_GCR_0,VNM_GDFXSH_0,VNM_GDI_0,VNM_GDN_0,VNM_GDNRATIO_0,VNM_GINI_DISP_0,VNM_GINT_0,VNM_GIP_0,VNM_GLN_0,VNM_GLNRATIO_0,VNM_GLNT_0,VNM_GOTH_0,VNM_GTRADE_0,VNM_GTRADER_0,VNM_HEAD19_0,VNM_HEAD55_0,VNM_HIC_0,VNM_IGR_0,VNM_INFT_0,VNM_INT_0,VNM_IPR_0,VNM_ITAX_0,VNM_ITAXR_0,VNM_ITR_0,VNM_K_0,VNM_KSTAR_0,VNM_LABSH_0,VNM_LFN_0,VNM_LIVES_0,VNM_LNN_0,VNM_LNNF_0,VNM_LOCK_0,VNM_LRX_0,VNM_LTI_0,VNM_MTD_0,VNM_MTN$_0,VNM_MTN_0,VNM_MTR$_0,VNM_MTR_0,VNM_OGC_0,VNM_OGI_0,VNM_OILC_0,VNM_OMS_0,VNM_OXS_0,VNM_PC_0,VNM_PCR_0,VNM_PE_0,VNM_PG_0,VNM_PM25_0,VNM_POIL_0,VNM_POPT_0,VNM_POPWA_0,VNM_PR_0,VNM_PREM_0,VNM_PROF_0,VNM_RC_0,VNM_REFEX_0,VNM_REL_RED_0,VNM_REMIT_0,VNM_REV_0,VNM_REVG_0,VNM_RPDI_0,VNM_SCR_0,VNM_SDLI_0,VNM_SHAREE_0,VNM_SHAREH_0,VNM_SHARESP_0,VNM_SHAREX_0,VNM_SOLV_0,VNM_TAX_0,VNM_TAXR_0,VNM_TECHL_0,VNM_TFP_0,VNM_TOURSH_0,VNM_URX_0,VNM_URXF_0,VNM_USER_0,VNM_WDR_0,VNM_XTD$_0,VNM_XTDNO$_0,VNM_XTN$_0,VNM_XTN_0,VNM_XTR$_0,VNM_XTR_0,VNM_YBAR_0,VNM_YED_0,VNM_YEN$_0,VNM_YEN_0,VNM_YER$_0,VNM_YER_0,VNM_YFT$_0,VNM_YFT_0,WLD_CO2_0,WLD_COALC_0,WLD_DD$_0,WLD_EC_0,WLD_GASC_0,WLD_HIC_0,WLD_LOCK_0,WLD_MTN$_0,WLD_MTR$_0,WLD_OILC_0,WLD_PC_0,WLD_PE_0,WLD_PG_0,WLD_POIL_0,WLD_POPT_0,WLD_POPWA_0,WLD_PR_0,WLD_RC_0,WLD_TECHL_0,WLD_XTN$_0,WLD_XTR$_0,WLD_YEN$_0,WLD_YER$_0,WLD_YFT$_0,USA_INFT_0,USA_INT
2000,0.85,0.28,2.73,12476.32,0.79,52.33,0.20,22240.00,,0.48,0.74,0.01,0.75,1.59,0.46,0.65,99751.00,1050.13,1050.13,8124.90,8124.90,16579.88,16579.88,14167.75,21.37,0.02,0.06,,,,,4837.02,87006.22,0.51,1557203.05,138816.71,31.43,33.80,2.53,3514.00,-9002.00,-2.04,-2.04,,13437.00,0.06,34.76,89.00,0.33,57741.17,5.00,6.00,244441.66,29809.00,0.08,302182.83,2879935.62,2845487.08,0.50,41917.65,0.59,40970.31,19810.06,0.00,0.85,10.55,0.37,17.92,253927.00,31.21,677142.02,42366.08,28116.00,0.36,0.13,0.23,1.47,1116060.64,3.22,3.91,36.24,4.08,79910.41,49549.99,,397.83,,0.15,,15.29,18984.85,90749.00,2028.00,699025.21,90308.19,0.62,0.00,0.00,0.00,0.00,0.00,1831.00,0.01,3.38,0.01,0.03,2.26,2.14,,367.20,0.52,0.52,17.16,243049.00,32.79,711571.70,4.40,0.27,31.17,441646.00,75.12,1629987.56,75.93,1647389.83,24338.37,,47719.90,,,0.56,0.00,7939.26,10581.06,,31.76,,4.72,28.31,6143493.81,3869966.20,,,15.30,7975.92,11018.30,33636.79,48157.14,47483.82,2.00,6.00
2001,0.92,0.57,2.81,13336.57,0.76,59.53,0.21,25805.00,,0.46,0.72,0.01,0.85,1.61,0.48,0.65,117285.00,1227.08,1227.08,8131.02,8131.02,18202.57,18202.57,14725.17,21.37,0.02,0.07,,,,,5537.34,92752.59,0.51,1667796.61,155345.74,32.28,33.90,2.89,4485.00,-13397.00,-2.78,-2.78,,17458.00,0.07,35.88,89.00,0.33,75567.89,5.00,4.80,259005.96,33972.00,0.09,334573.85,3181988.09,3168054.65,0.49,42977.96,0.39,41791.77,20065.31,0.00,0.85,9.42,0.38,18.60,273828.00,33.11,718302.02,46970.92,38268.41,0.39,0.11,0.20,1.70,1165965.84,2.97,3.84,36.54,3.52,80742.50,50767.83,,397.83,,0.18,0.79,15.25,16197.68,103888.00,2011.00,752890.26,112559.46,0.62,0.00,0.00,0.00,0.00,0.00,2058.00,0.01,3.38,0.00,0.03,2.76,3.27,,377.27,0.51,0.52,17.85,262846.00,34.79,754825.45,4.62,0.28,32.69,481295.00,80.30,1742375.17,81.23,1762418.74,24555.27,,48860.56,,,0.58,0.00,7735.74,10740.90,,36.89,,4.64,24.41,6222626.53,3939797.62,,,15.31,7725.34,11045.27,33464.81,49164.93,49036.05,2.00,3.47
2002,-0.63,-0.58,-1.79,14280.77,0.75,68.66,0.25,29271.00,,0.44,0.72,0.01,0.93,1.55,0.49,0.65,134334.00,1438.43,1438.43,9873.24,9873.24,18201.36,18201.36,15279.50,21.37,0.02,0.08,,,,,6487.60,97740.72,0.51,1738057.96,188511.87,35.19,34.10,2.83,5330.00,-12618.00,-2.36,-2.36,,21915.00,0.07,37.00,89.00,0.34,89343.54,5.00,4.80,288269.59,41731.00,0.10,377613.13,3515443.88,3517323.87,0.48,43918.56,0.15,42987.49,20694.12,0.00,0.85,9.06,0.41,21.72,331946.00,36.99,802639.36,51978.29,47512.68,0.43,0.10,0.18,1.40,1254898.29,2.88,3.54,36.84,3.60,81534.41,51974.51,,397.83,,0.18,0.77,15.17,27044.72,121716.00,2250.00,835388.71,97615.09,0.62,0.00,0.00,0.00,0.00,0.00,2338.00,0.01,3.40,0.01,0.03,2.12,2.33,,408.75,0.51,0.52,19.91,304262.00,38.74,840504.33,4.86,0.29,35.06,535762.00,85.99,1865732.19,87.09,1889622.96,25116.16,103.51,49889.49,407.30,90.06,0.61,0.00,8050.29,11052.67,156.96,30.41,3.47,4.27,25.00,6301773.17,4010146.16,,56.78,15.33,8120.56,11447.74,34797.76,50284.57,50697.68,2.00,1.63
2003,-1.93,-0.72,-4.88,15329.15,0.79,76.28,0.29,47410.00,,0.41,0.79,0.02,1.01,1.46,0.51,0.65,172885.60,2191.51,2191.51,12043.30,12043.30,22018.21,22018.21,15509.58,21.37,0.02,0.08,,,,,8152.78,104769.89,0.51,1811055.57,232387.38,37.88,34.10,2.75,6395.00,-19928.60,-3.25,-3.25,,22373.50,0.06,31.40,86.60,0.35,114446.92,5.00,5.00,308109.70,51699.50,0.11,422556.63,3875606.44,3894935.71,0.47,44788.05,0.13,43780.32,21026.26,0.00,0.84,9.48,0.46,26.76,415023.00,41.56,901752.37,62244.20,67993.37,0.45,0.10,0.17,1.69,1355430.63,3.28,3.95,37.15,4.16,82301.65,53179.03,,397.83,,0.19,0.74,15.38,32570.12,152957.00,2969.00,876525.26,79714.97,0.62,0.00,0.00,0.00,0.00,0.00,2951.00,0.01,3.41,0.01,0.03,2.25,2.64,,460.83,0.54,0.54,23.45,363735.00,43.41,941979.49,5.13,0.31,39.55,613443.00,92.30,2002699.24,93.04,2018787.41,26346.34,112.61,51525.82,421.67,92.56,0.63,0.00,9336.59,11753.23,160.45,36.53,3.97,4.77,28.84,6381185.14,4081172.73,,56.04,15.34,9419.05,12083.83,39044.05,51856.42,52419.29,2.00,1.03
2004,-1.59,-0.68,-3.21,16484.42,0.84,87.80,0.37,56987.00,,0.42,0.86,0.02,1.23,1.40,0.52,0.65,192373.00,2024.78,2024.78,15434.91,15434.91,26220.78,26220.78,15746.00,21.37,0.02,0.14,,,,,10174.77,113436.85,0.51,1968582.39,290556.45,37.28,34.30,2.48,7217.00,-1480.73,-0.19,-0.19,,21614.00,0.05,25.80,84.20,0.38,100525.18,5.00,5.00,366151.72,68985.00,0.13,466676.89,4259301.69,4302512.32,0.46,45667.42,0.19,44690.14,21468.39,0.00,0.84,9.72,0.53,33.29,524216.00,45.26,982114.00,75006.48,66469.05,0.54,0.11,0.20,3.34,1438194.08,4.58,4.29,37.45,5.52,83062.82,54392.91,,397.83,,0.17,0.74,15.10,39629.23,190892.27,2877.00,927797.60,86676.81,0.63,0.00,0.00,0.00,0.00,0.00,3521.00,0.01,3.40,0.00,0.03,2.14,2.44,,531.42,0.63,0.60,29.86,470216.00,47.51,1030760.24,5.42,0.36,49.49,779338.00,99.26,2153630.87,99.18,2152070.18,27569.08,120.48,53875.86,442.58,96.15,0.65,0.00,11256.18,13074.47,166.55,72.42,5.48,5.18,38.28,6461159.39,4153070.77,,59.40,15.36,11406.94,13379.88,43951.96,54181.28,54206.39,2.00,1.40
2005,-0.56,-1.80,-0.97,17728.54,0.88,94.86,0.39,75847.00,0.17,0.44,0.90,0.02,1.30,1.36,0.54,0.65,239364.00,3655.33,3655.33,22577.13,22577.13,36066.22,36066.22,15858.92,21.37,0.02,0.22,,,,,12168.23,122743.39,0.51,2169054.73,332713.26,36.40,34.40,1.99,6621.00,-11071.66,-1.21,-1.21,,23660.00,0.04,22.30,82.05,0.41,117291.17,5.00,5.00,394890.88,82830.32,0.13,512182.04,4677914.37,4741482.57,0.45,46599.48,0.31,45606.91,21920.58,0.00,0.84,11.03,0.56,38.62,612520.82,50.47,1095171.51,87157.92,83286.40,0.53,0.13,0.21,2.86,1522135.45,5.58,5.01,37.75,7.84,83832.66,55625.78,,360.81,445554.80,0.16,0.75,14.85,49955.59,228292.34,3789.00,1111120.33,83915.94,0.63,0.00,0.00,0.00,0.00,0.00,4234.00,0.01,3.41,0.00,0.03,2.13,2.29,9.91,587.42,0.68,0.59,36.71,582214.13,53.94,1170365.42,5.73,0.39,57.63,914001.00,106.75,2316170.73,105.69,2293300.56,28472.68,129.41,56248.55,456.68,98.78,0.68,0.00,12764.07,14250.87,168.04,61.84,6.56,6.05,54.43,6541906.96,4225982.02,,60.45,15.38,12975.58,14383.57,47623.15,56381.26,56059.21,2.00,3.21
2006,-0.16,-2.03,-0.25,18965.63,0.91,99.13,0.24,99796.00,0.19,0.43,0.94,0.03,1.19,1.33,0.55,0.65,276774.00,5533.05,5533.05,25029.99,25029.99,41587.20,41587.20,15994.25,21.37,0.02,0.24,,,,,14896.40,133173.17,0.51,2334482.07,407714.01,38.41,34.40,1.95,7965.00,2702.41,0.25,0.25,,26280.00,0.04,18.80,79.90,0.44,119091.65,5.00,6.50,443808.11,98963.00,0.14,562899.76,5119865.92,5212843.22,0.45,47441.42,0.58,46454.64,22344.38,0.00,0.84,11.18,0.60,46.94,750800.17,58.13,1261265.42,103818.17,92840.60,0.52,0.13,0.20,2.61,1635774.74,6.94,5.91,38.07,9.42,84617.55,56743.89,,318.10,517488.91,0.19,0.77,14.85,60778.15,279476.41,7897.00,1229602.26,70526.16,0.63,0.00,0.00,0.00,0.00,0.00,5179.00,0.01,3.45,0.01,0.03,2.08,2.09,10.86,657.58,0.73,0.60,45.01,719927.58,61.61,1336683.66,6.02,0.43,66.37,1061565.00,114.20,2477792.08,112.68,2444811.15,29384.00,136.24,58830.84,469.77,101.38,0.71,0.00,14593.77,15637.85,169.85,56.47,7.40,7.14,65.38,6623517.92,4290047.03,,62.29,15.39,14942.14,15740.64,51612.24,58933.63,57969.44,2.00,4.85
2007,-6.99,-2.67,-9.03,20317.78,0.96,100.58,0.26,104551.60,0.17,0.40,1.01,0.02,1.30,1.27,0.57,0.65,352967.08,6279.70,6279.70,30886.79,30886.79,53538.08,53538.08,16105.13,21.37,0.02,0.25,,,,,17346.40,145030.70,0.51,2444711.87,509893.13,40.90,34.50,2.48,12660.00,-27525.44,-2.21,-2.21,,38324.00,0.04,16.45,78.85,0.48,145051.17,5.00,6.50,553829.33,108647.20,0.13,698880.50,5697137.98,5716955.36,0.45,48340.47,0.33,47359.16,22782.61,0.00,0.84,11.18,0.66,65.54,1055576.58,74.19,1609671.36,124792.45,124810.06,0.58,0.12,0.16,3.91,1795747.15,7.97,6.40,38.40,10.48,85419.59,57884.71,,318.10,607771.67,0.22,0.77,14.81,99529.67,325441.64,6012.00,1358234.47,136791.65,0.63,0.00,0.00,0.00,0.00,0.00,7415.00,0.01,3.43,-0.01,0.04,2.03,1.93,10.33,724.89,0.80,0.69,55.04,886394.75,68.56,1487667.74,6.34,0.47,77.41,1246769.00,122.34,2654446.37,119.79,2599146.88,30245.10,144.17,61597.20,484.57,105.51,0.74,0.00,16925.24,16941.12,172.14,84.57,8.62,7.73,72.73,6705946.64,4354922.68,,62.75,15.41,17364.77,16865.29,58186.62,61521.37,59786.59,2.00,4.47
2008,-10.79,-4.07,-10.88,21468.13,1.03,113.24,0.50,137239.00,0.17,0.40,1.10,0.03,1.62,1.23,0.58,0.65,438703.00,5597.48,5597.48,39900.20,39900.20,67631.20,67631.20,16302.25,21.37,0.02,0.26,,,,,22894.22,155938.34,0.51,2616909.14,637028.12,39.42,34.60,2.63,16730.00,-9176.83,-0.57,-0.57,,60736.00,0.05,14.10,77.80,0.59,152311.74,5.00,10.25,573397.14,139976.00,0.12,725708.88,6262476.50,6253250.27,0.46,49294.08,0.41,48406.79,23277.00,0.00,0.83,15.78,0.79,84.42,1376182.52,79.84,1732297.67,156238.85,152605.26,0.61,0.13,0.16,6.84,1933452.45,10.74,10.39,38.72,14.06,86243.42,59051.77,,318.10,787786.34,0.25,0.87,14.57,110936.81,429526.17,9413.00,1420623.33,158863.06,0.63,0.00,0.00,0.00,0.00,0.00,12940.00,0.02,3.42,-0.01,0.04,1.80,1.64,16.47,752.83,0.98,0.82,70.89,1155687.51,72.04,1563069.99,6.60,0.58,99.13,1616047.00,129.26,2804735.05,127.40,2764289.83,30882.51,146.06,62806.24,489.82,108.05,0.78,0.00,19388.25,17423.06,170.38,148.06,12.84,12.55,97.57,6789088.67,4420545.17,,65.33,15.42,19848.03,17385.28,63809.42,62768.45,61628.50,2.00,1.39
2009,-6.61,-1.64,-6.23,22626.96,0.96,122.83,0.47,112164.30,0.13,0.37,1.02,0.03,1.65,1.21,0.60,0.65,573700.09,8330.60,8330.60,55112.24,55112.24,97483.01,97483.01,17065.08,21.37,0.02,0.28,,,,,24672.01,167785.67,0.51,2779159.40,834964.90,46.15,34.80,2.45,20490.09,-110820.22,-6.13,-6.13,,76981.00,0.07,9.05,62.30,0.63,227989.87,5.00,8.00,561039.60,157369.60,0.13,789029.48,6866791.82,6820961.11,0.47,50214.54,0.36,49340.81,23704.36,0.00,0.83,10.07,0.72,77.75,1326810.28,85.16,1847747.46,166305.53,225978.63,0.62,0.09,0.11,3.64,1976994.92,6.82,7.50,39.04,8.91,87092.25,60247.75,,318.10,881919.19,0.28,0.91,14.07,102731.80,462879.87,7908.00,1563548.16,133468.39,0.64,0.00,0.00,0.00,0.00,0.00,14318.00,0.02,3.44,0.01,0.03,1.74,1.57,9.19,708.78,0.83,0.79,66.76,1139253.46,80.04,1736600.79,6.85,0.61,106.01,1809149.00,136.24,2956131.78,135.55,2941085.18,30445.98,144.03,61810.83,482.75,105.85,0.80,0.00,15554.67,15550.33,167.07,78.81,8.06,9.06,61.86,6872766.99,4486802.60,,65.80,15.44,15963.22,15710.41,60535.32,61970.92,63490.93,2.00,0.15
2010,-4.28,-3.01,-3.69,24080.35,1.04,136.11,0.61,148655.00,0.14,0.32,1.07,0.03,1.87,1.08,0.62,0.65,649907.00,8690.78,8690.78,61960.91,61960.91,118946.25,118946.25,18612.92,21.37,0.02,0.33,-57941.62,-57941.62,-22.87,-22.87,31353.61,188393.20,0.51,3009337.82,1009568.58,46.79,34.90,2.52,25400.00,-61671.28,-2.86,-2.86,135307.73,74068.00,0.05,4.00,46.80,0.69,233058.46,5.00,9.00,641929.94,218649.00,0.15,874988.40,7537294.27,7419413.25,0.46,51252.44,0.22,50683.54,24175.04,0.00,0.83,13.14,0.82,92.99,1730901.84,96.85,2101384.75,194408.79,240500.26,0.67,0.08,0.08,4.87,2138836.20,12.09,9.03,39.37,11.47,87967.66,61474.30,33.68,324.12,1051892.31,0.27,0.85,13.83,153742.69,588235.72,11868.00,1651878.49,54266.14,0.64,0.00,0.00,0.00,0.00,0.00,26276.00,0.02,3.43,0.00,0.04,1.11,1.08,12.94,833.69,0.91,0.86,83.47,1553687.17,91.76,1990912.71,7.17,0.69,115.93,2157828.00,144.99,3146011.89,144.06,3125715.23,32051.02,150.71,64596.12,506.16,113.66,0.83,0.00,18451.51,17461.22,172.45,105.43,13.47,10.91,79.63,6956823.59,4553594.30,0.12,69.33,15.45,19071.08,17588.96,66272.56,64723.86,65387.16,2.00,0.14
2011,0.23,-2.77,0.17,25583.03,1.11,145.05,0.73,196058.00,0.14,0.32,1.15,0.03,2.13,0.94,0.63,0.65,751298.00,9770.42,9770.42,71511.13,71511.13,142669.13,142669.10,20509.75,21.37,0.03,0.29,-77106.23,-77106.23,-25.92,-25.92,38345.09,201812.50,0.51,3192247.85,1266472.17,45.56,34.90,2.35,29786.00,-31892.77,-1.15,-1.15,157257.37,81406.00,0.04,3.35,43.80,0.82,206307.19,5.00,15.00,600315.98,272873.00,0.15,806623.17,8084349.74,8048390.00,0.46,52144.07,0.14,51622.63,24611.56,0.00,0.84,16.95,1.06,113.21,2321858.48,100.82,2187466.28,246040.85,251520.53,0.73,0.10,0.09,5.94,2226463.19,15.24,12.48,38.49,16.41,88871.38,62182.09,32.72,397.83,1355128.58,0.38,0.85,13.61,176383.85,719405.23,12103.00,1803662.83,89278.67,0.64,0.00,0.00,0.00,0.00,0.00,38469.00,0.03,3.46,0.01,0.04,1.00,0.90,18.00,939.94,1.06,0.96,107.61,2206971.03,101.65,2205620.93,7.49,0.83,135.54,2779880.00,154.04,3342332.37,153.04,3320639.09,33100.07,158.19,66973.30,518.80,116.41,0.88,0.00,21951.90,18797.67,174.16,125.74,16.21,14.73,111.08,7041194.17,4610817.38,0.12,70.02,15.47,22616.35,18668.98,73684.41,66844.61,67212.70,2.00,0.05
2012,9.27,-6.19,5.95,26925.47,1.10,135.69,0.67,215798.00,0.13,0.29,1.12,0.03,2.24,0.94,0.65,0.65,955967.90,10640.76,10640.76,90217.24,90217.24,172153.30,172153.30,20828.00,24.56,0.03,0.32,-99004.61,-99004.61,-35.03,-35.03,39093.60,216318.60,0.51,3473717.00,1561472.00,48.11,34.70,2.55,39884.00,-222519.70,-6.86,-6.86,192979.30,71276.00,0.03,2.70,40.80,0.90,247592.20,5.00,9.00,574137.70,258080.00,0.12,821729.90,8633905.00,8708855.00,0.46,52982.35,0.07,52436.63,25096.32,0.00,0.84,13.47,1.04,119.24,2483567.00,109.99,2386411.00,299860.60,343212.00,0.74,0.09,0.08,3.71,2335097.00,15.21,13.87,37.23,15.94,89801.93,62910.22,30.64,423.64,1600508.00,0.50,0.90,13.90,208280.00,733448.20,10267.00,1993696.00,-21123.71,0.64,0.00,0.00,0.00,0.00,0.00,44959.00,0.03,3.49,0.02,0.04,1.03,0.93,13.68,987.43,1.06,0.97,124.70,2597264.00,117.62,2552106.00,7.76,0.92,155.82,3245419.00,162.12,3517717.00,162.51,3525964.00,33659.00,158.91,68649.76,525.16,119.40,0.91,0.00,22203.03,19370.07,176.58,105.50,16.00,16.75,111.96,7125828.00,4668261.00,0.11,70.26,15.48,22944.63,19406.74,75257.25,68686.43,69110.43,2.00,0.09
2013,7.74,-6.95,4.52,28385.33,1.08,140.89,0.72,231146.00,0.13,0.24,1.13,0.03,2.35,0.95,0.66,0.65,1094123.00,14105.84,14105.84,107739.50,107739.50,197784.80,197784.80,20933.42,27.76,0.03,0.34,-34278.69,-34278.69,-11.62,-11.62,44096.69,232023.80,0.51,3590745.00,1852670.00,51.69,34.70,2.92,54084.00,-266810.00,-7.44,-7.44,149817.00,78253.00,0.03,2.65,37.90,0.95,266408.70,5.00,7.00,598862.30,300607.00,0.13,865271.00,9223327.00,9402129.00,0.46,54291.77,0.22,53575.12,25678.90,0.00,0.85,10.37,1.04,139.49,2920030.00,129.06,2800321.00,335355.40,385053.50,0.76,0.06,0.06,4.98,2456056.00,15.63,14.66,36.84,17.01,90752.59,63654.07,28.63,486.32,1758796.00,0.53,0.94,13.90,230267.60,827313.00,11124.00,2190288.00,-40095.84,0.64,0.00,0.00,0.00,0.00,0.00,46548.00,0.02,3.54,0.02,0.04,1.32,1.14,9.87,1049.72,1.04,0.97,143.19,2997380.00,138.06,2995509.00,8.05,0.97,171.22,3584262.00,170.92,3708443.00,174.18,3779268.00,33869.80,162.02,70596.35,535.11,121.35,0.94,0.00,22808.89,19940.77,178.45,90.90,15.17,16.17,108.84,7210582.00,4725831.00,0.10,73.28,15.50,23595.26,19920.85,77397.24,70576.43,71084.24,2.00,0.06
2014,8.62,-9.48,4.63,30083.81,1.06,159.58,0.87,207807.00,0.11,0.23,1.11,0.03,2.57,0.95,0.68,0.65,1123418.00,14383.10,14383.10,112264.90,112264.90,207752.80,207752.80,21148.00,30.95,0.03,0.35,-21899.21,-21899.21,-6.49,-6.49,46678.04,248265.00,0.51,3874327.00,2154636.00,54.72,34.60,3.10,66738.00,-247675.50,-6.29,-6.29,154008.60,95603.00,0.03,2.60,35.00,0.99,261461.50,5.00,6.50,683896.70,334651.00,0.13,945358.30,9892032.00,10128790.00,0.47,55002.13,0.04,54309.11,26054.45,0.00,0.85,8.67,1.04,154.79,3273530.00,145.59,3158893.00,351789.90,370489.30,0.78,0.06,0.05,4.60,2606367.00,14.50,15.11,34.90,15.74,91713.85,64406.98,27.54,452.54,1912275.00,0.57,0.96,14.14,253776.00,875742.50,11050.00,2224985.00,-52548.67,0.63,0.00,0.00,0.00,0.00,0.00,47844.00,0.02,3.57,0.01,0.04,1.26,1.11,7.48,1110.05,1.04,1.00,160.89,3402495.00,154.02,3341794.00,8.39,1.00,186.20,3937856.00,181.14,3930343.00,184.73,4008261.00,34117.57,162.38,72616.51,540.15,122.24,0.97,0.00,23250.07,20566.13,179.58,77.89,14.32,16.33,98.94,7295291.00,4783420.00,0.10,75.95,15.51,23903.96,20676.32,79334.87,72726.70,73134.24,2.00,0.03
2015,-2.04,-16.57,-1.06,32093.20,1.00,184.44,1.10,200030.00,0.10,0.18,1.00,0.03,2.86,1.00,0.69,0.65,1254929.00,15058.80,15058.80,129728.20,129728.20,231960.30,231960.30,21697.57,30.90,0.03,0.37,-1622.31,-1622.31,-0.41,-0.41,53100.38,265544.80,0.51,4192862.00,2394031.00,57.10,34.50,3.43,82022.00,-258695.30,-6.17,-6.17,229323.00,99315.00,0.03,2.20,31.10,1.00,298954.90,5.00,6.50,734825.00,347521.20,0.12,1033780.00,10643900.00,10887610.00,0.47,55603.96,0.05,54575.29,26076.68,0.00,0.85,7.12,1.00,171.96,3731151.00,171.96,3731151.00,374519.60,421640.60,0.87,0.04,0.03,4.22,2849540.00,9.80,9.74,32.47,8.54,92677.08,65162.93,23.68,397.83,2026377.00,0.52,1.00,14.39,282068.40,996234.20,11844.00,2371691.00,10828.51,0.63,0.00,0.00,0.00,0.00,0.00,56723.00,0.02,3.60,0.01,0.05,1.85,1.70,5.51,1120.40,1.00,1.00,173.49,3764320.00,173.49,3764320.00,8.99,1.00,193.24,4192862.00,193.24,4192862.00,195.62,4244504.00,34043.37,158.51,74684.70,545.08,125.09,1.00,0.00,20966.30,20966.30,183.49,63.52,9.75,10.31,52.40,7379797.00,4840924.00,0.09,77.99,15.53,21267.34,21267.34,74985.74,74985.74,75255.98,2.00,0.05
2016,0.62,-18.63,0.30,34086.44,0.96,185.43,1.19,188485.00,0.09,0.17,0.97,0.03,3.09,1.02,0.71,0.65,1253677.00,15529.91,15529.91,137673.90,137673.90,225872.30,225872.30,21935.00,30.85,0.03,0.37,-2247.07,-2247.07,-0.55,-0.55,57311.90,285566.90,0.51,4586039.00,2686427.00,59.66,34.50,3.23,86783.00,-178429.00,-3.96,-3.96,273899.20,96125.00,0.02,1.80,27.20,1.03,297902.60,4.75,6.50,838408.80,385338.00,0.12,1136311.00,11491370.00,11675020.00,0.47,55859.18,0.16,54825.79,26242.34,0.00,0.85,6.96,0.95,186.93,4100294.00,198.25,4301470.00,385580.90,402237.00,0.93,0.03,0.02,4.71,3057557.00,9.20,6.54,30.24,7.16,93640.44,65583.36,22.88,397.83,2162807.00,0.60,1.02,14.60,307090.00,1075248.00,8378.00,2485699.00,-10872.79,0.63,0.00,0.00,0.00,0.00,0.00,67958.00,0.03,3.61,0.01,0.05,1.85,1.70,5.39,1145.90,0.97,0.98,192.19,4215636.00,197.54,4286181.00,9.59,1.01,205.28,4502733.00,205.24,4453273.00,205.86,4466557.00,34034.53,156.46,76561.06,552.83,127.96,1.03,0.00,20398.86,21292.30,186.83,71.12,8.68,6.94,44.05,7464022.00,4890502.00,0.08,81.58,15.55,20921.11,21737.00,76173.81,77005.76,77318.91,2.00,0.32
2017,-1.65,-22.92,-0.74,36408.49,1.00,182.58,1.19,217200.00,0.09,0.20,1.00,0.03,3.31,1.00,0.72,0.65,1355034.00,17508.06,17508.06,141950.30,141950.30,262748.50,262748.50,22370.09,30.80,0.03,0.34,-4096.49,-4096.49,-1.00,-1.00,65636.11,306541.60,0.51,4945973.00,2914618.00,58.22,34.50,3.39,98901.00,-123612.70,-2.47,-2.47,335475.70,97018.00,0.02,1.80,24.80,1.06,328494.90,4.50,6.25,923719.70,433825.00,0.12,1252215.00,12445680.00,12484990.00,0.47,56466.01,0.28,55410.09,26516.73,0.00,0.86,7.07,0.98,221.07,4945460.00,232.94,5054212.00,402548.60,431377.50,0.97,0.04,0.03,6.57,3282289.00,10.84,7.62,29.63,8.82,94600.64,65996.31,20.98,397.83,2433676.00,0.80,1.03,14.60,335551.30,1231421.00,7580.00,2633109.00,-33674.47,0.63,0.00,0.00,0.00,0.00,0.00,78783.00,0.03,3.63,0.01,0.05,1.87,1.70,5.67,1223.16,0.99,0.98,227.35,5085742.00,230.60,5003481.00,10.18,1.05,223.78,5005975.00,219.22,4756640.00,217.86,4726937.00,34447.75,157.40,79229.44,563.17,131.43,1.06,0.00,22495.82,22548.44,189.43,99.42,9.81,8.10,54.40,7547859.00,4939699.00,0.08,84.91,15.56,23014.62,22915.97,81056.93,79596.97,79428.98,2.00,0.95
2018,5.77,-18.46,2.35,38984.68,1.03,211.77,1.58,251156.00,0.09,0.20,1.04,0.03,3.73,0.98,0.74,0.65,1435435.00,20594.30,20594.30,158229.60,158229.60,268885.80,268885.80,22602.05,30.80,0.03,0.35,-13825.61,-13825.61,-2.89,-2.89,72695.72,325791.30,0.51,5253839.00,3049894.00,55.03,34.40,3.60,109718.00,-71565.99,-1.29,-1.29,385562.00,87333.00,0.01,1.80,22.40,1.10,342504.00,4.25,6.25,1018027.00,478802.00,0.12,1360531.00,13488830.00,13309670.00,0.47,57027.34,0.13,56365.83,27010.95,0.00,0.86,7.37,1.00,251.28,5679497.00,262.77,5701515.00,428025.10,449982.20,1.04,0.04,0.03,7.21,3520581.00,10.99,9.36,29.50,11.42,95545.96,66393.64,19.03,373.42,2700912.00,0.76,1.01,14.85,361632.80,1363869.00,7779.87,2788712.00,-129432.00,0.63,0.00,0.00,0.00,0.00,0.00,94366.00,0.03,3.64,0.00,0.05,1.16,1.03,6.25,1296.81,0.98,0.97,259.51,5865550.00,263.50,5717254.00,10.78,1.09,245.21,5542332.00,234.74,5093210.00,230.09,4992412.00,35152.02,159.86,81779.48,578.64,138.05,1.10,0.00,24566.69,23603.42,191.21,111.69,11.12,10.05,71.07,7631091.00,4988373.00,0.07,89.52,15.58,25220.97,23915.43,86115.35,82091.49,81571.64,2.00,1.97
2019,12.48,-12.88,4.76,41720.40,1.05,247.71,2.07,273198.10,0.09,0.20,1.06,0.02,4.17,0.99,0.75,0.65,1747987.00,25170.42,25170.42,195132.30,195132.30,328481.10,328481.10,23050.24,30.80,0.03,0.35,-7031.80,-7031.80,-1.23,-1.23,79729.97,344688.50,0.51,5709375.00,3319307.00,54.98,34.40,3.76,124884.00,-252146.00,-4.18,-4.18,442658.10,81100.00,0.01,1.44,20.07,1.13,417448.40,4.00,6.00,1189854.00,512666.10,0.12,1607303.00,14786590.00,14140800.00,0.47,57308.15,0.06,56139.06,26881.77,0.00,0.86,7.71,1.01,271.36,6254976.00,284.71,6177559.00,485877.90,588441.30,1.10,0.04,0.03,5.84,3779696.00,9.11,9.36,29.39,10.38,96462.11,66765.60,17.33,318.10,2946892.00,0.64,1.03,14.85,391854.10,1495841.00,6688.00,2895191.00,-204490.40,0.63,0.00,0.00,0.00,0.00,0.00,106832.50,0.03,3.63,0.00,0.05,2.04,2.01,6.62,1286.29,0.99,0.99,279.72,6447619.00,281.18,6100985.00,11.34,1.11,261.92,6037348.00,251.21,5450623.00,241.44,5238587.00,35173.70,157.69,83723.48,583.47,140.39,1.14,0.00,24094.66,23766.78,191.80,88.98,10.10,9.94,64.03,7713468.00,5036362.00,0.06,93.59,15.60,24742.86,24130.99,87445.26,84087.70,83733.79,2.00,2.10
2020,15.39,-12.51,5.68,42932.74,1.07,255.36,2.10,281831.50,0.09,0.20,1.08,0.02,4.09,1.00,0.77,0.65,1707948.00,26274.37,26274.37,203690.60,203690.60,357818.00,357818.00,23037.86,30.80,0.03,0.31,-7245.00,-7245.00,-1.23,-1.23,68198.17,361438.40,0.51,5901885.00,3688239.00,59.10,34.40,3.75,137847.70,-428458.70,-6.87,-6.87,189175.80,85741.00,0.01,1.36,19.54,1.17,471298.80,4.00,4.00,1153519.00,541452.90,0.12,1624818.00,16098750.00,14797270.00,0.47,56543.36,0.31,55259.82,26460.84,57.74,0.84,7.65,1.02,284.57,6555913.00,297.31,6450816.00,368067.50,614250.00,0.98,0.04,0.03,4.69,3867315.00,7.33,7.35,29.18,6.86,97338.58,67105.17,18.59,318.10,3040018.00,0.70,1.05,14.85,382059.40,1279489.00,5000.00,3039162.00,-198244.80,0.63,0.00,0.00,0.00,0.00,0.00,115330.20,0.03,3.63,0.00,0.05,2.27,2.24,6.35,1224.81,1.00,1.01,295.89,6816627.00,295.17,6404499.00,11.48,1.11,270.89,6240721.00,258.51,5609010.00,250.90,5443856.00,33129.78,151.48,80530.49,558.73,137.45,1.17,47.99,21698.82,21596.56,173.73,71.33,8.03,7.81,42.30,7794799.00,5083544.00,0.07,96.07,15.61,22520.86,22184.71,85410.66,81118.63,84863.12,2.00,0.37
2021,30.09,-11.87,10.67,45723.36,1.09,265.71,2.18,301157.20,0.09,0.20,1.11,0.02,4.24,0.95,0.78,0.65,1743003.00,27713.03,27712.91,214843.30,214842.90,382494.90,382493.70,23623.66,30.80,0.03,0.33,-7730.47,-7730.47,-1.23,-1.23,71604.08,379634.30,0.51,6292152.00,4052762.00,60.82,34.40,3.72,155231.50,-399614.20,-6.00,-6.00,173650.30,99802.16,0.01,1.31,19.15,1.21,513972.70,3.90,3.69,1120831.00,573111.60,0.12,1634804.00,17384470.00,15376070.00,0.47,56822.76,0.28,55523.16,26586.91,15.04,0.84,7.49,1.08,312.12,7373361.00,314.86,6831753.00,314843.20,647882.40,1.00,0.04,0.03,4.84,3940421.00,8.60,7.74,28.98,10.70,98168.83,67436.76,20.54,318.10,3248476.00,0.72,1.02,14.85,430117.10,1343388.00,8130.00,3152795.00,-192627.10,0.63,0.00,0.00,0.00,0.00,0.00,123660.10,0.03,3.64,0.00,0.05,2.29,2.25,6.35,1328.28,1.03,1.03,335.87,7934529.00,324.60,7043116.00,11.58,1.12,282.06,6663184.00,275.31,5973595.00,263.97,5727438.00,33728.67,155.96,85410.65,567.55,138.89,1.21,1.77,24750.30,23472.26,175.04,73.72,9.75,8.22,66.00,7874966.00,5132531.00,0.07,97.66,15.62,25430.20,23871.60,93766.81,85810.00,87202.00,2.00,0.06
2022,29.26,-11.01,9.45,49015.44,1.11,277.60,2.27,337108.50,0.09,0.20,1.13,0.02,4.41,0.93,0.80,0.65,1944486.00,30768.97,30769.03,238534.70,238535.10,430155.40,430155.80,24105.46,30.80,0.03,0.34,-8241.16,-8241.17,-1.23,-1.23,81688.94,400967.60,0.51,6748359.00,4481612.00,60.02,34.40,3.72,173208.10,-411892.40,-5.52,-5.52,223444.60,113829.60,0.01,0.95,16.31,1.26,553186.60,3.81,3.72,1249159.00,650218.80,0.12,1802346.00,18798380.00,15907200.00,0.47,57072.46,0.28,55757.44,26699.08,0.00,0.84,7.51,1.12,354.38,8542391.00,350.40,7602903.00,352492.00,719328.30,1.05,0.04,0.03,5.08,4301240.00,8.94,7.97,28.78,10.99,98953.54,67733.11,21.27,318.10,3636271.00,0.75,1.02,14.85,463364.70,1532594.00,1000.00,3276605.00,-214681.50,0.63,0.00,0.00,0.00,0.00,0.00,133539.90,0.03,3.65,0.01,0.05,2.30,2.27,6.54,1420.39,1.06,1.05,375.42,9049723.00,355.65,7716725.00,12.41,1.17,309.78,7467310.00,295.13,6403694.00,280.34,6082802.00,34474.69,160.65,88988.85,578.61,140.65,1.25,0.00,26945.75,25041.53,177.96,77.33,10.09,8.47,67.74,7953953.00,5180682.00,0.08,99.34,15.64,27605.05,25392.32,99650.86,89339.64,89838.29,2.00,0.09
2023,23.24,-9.92,6.83,52422.02,1.14,290.56,2.37,376313.40,0.09,0.20,1.15,0.02,4.59,0.91,0.82,0.65,2173054.00,34307.78,34307.78,265969.10,265969.10,485582.20,485582.20,24553.99,30.80,0.03,0.35,-8786.26,-8786.26,-1.23,-1.23,93024.08,425420.20,0.51,7211709.00,4953678.00,59.29,34.40,3.72,192907.20,-427797.80,-5.12,-5.12,262292.20,126596.60,0.01,0.65,13.44,1.31,592481.90,3.71,3.73,1417613.00,745344.60,0.12,2010095.00,20375700.00,16415120.00,0.47,57296.16,0.28,55966.23,26799.09,0.00,0.84,7.51,1.17,396.74,9741534.00,384.47,8342041.00,392232.40,802058.70,1.09,0.04,0.03,5.30,4740854.00,9.27,8.17,28.58,11.31,99698.63,67998.59,21.91,318.10,4059160.00,0.78,1.01,14.85,491173.70,1745256.00,1000.00,3528846.00,-243631.40,0.63,0.00,0.00,0.00,0.00,0.00,149468.50,0.03,3.67,0.01,0.05,2.32,2.29,6.72,1472.27,1.08,1.07,409.90,10064740.00,380.60,8258054.00,13.42,1.22,340.28,8355243.00,315.65,6848751.00,298.78,6482887.00,35259.49,165.48,91560.02,590.28,142.63,1.29,0.00,28628.32,26071.07,181.09,80.67,10.42,8.68,69.76,8031800.00,5228025.00,0.08,101.09,15.66,29399.07,26494.60,104910.30,91983.53,92649.40,2.00,0.10
2024,24.69,-8.92,6.59,55997.88,1.16,304.44,2.47,422073.00,0.09,0.20,1.17,0.02,4.79,0.90,0.83,0.65,2434551.00,38415.54,38415.48,297814.30,297813.90,550263.30,550262.90,24997.33,30.80,0.03,0.37,-9372.23,-9372.24,-1.23,-1.23,106375.40,452642.10,0.51,7695719.00,5442928.00,58.11,34.40,3.72,213199.40,-438805.10,-4.68,-4.68,338619.70,138983.40,0.01,0.50,11.67,1.36,633371.30,3.63,3.74,1526267.00,831065.90,0.12,2159639.00,22053560.00,16919080.00,0.47,57499.80,0.28,56155.53,26889.74,0.00,0.84,7.52,1.21,429.23,10729550.00,407.67,8845383.00,436773.30,898090.40,1.14,0.04,0.03,5.52,5082794.00,9.59,8.38,28.37,11.64,100414.10,68240.27,22.55,318.10,4552752.00,0.82,1.01,14.85,520071.30,1995745.00,1000.00,3791614.00,-262306.40,0.63,0.00,0.00,0.00,0.00,0.00,166995.40,0.03,3.69,0.01,0.05,2.34,2.30,6.89,1528.16,1.10,1.09,442.03,11049560.00,402.28,8728539.00,14.17,1.28,374.69,9366329.00,337.18,7315925.00,318.80,6917195.00,35996.00,170.22,94153.55,600.99,144.30,1.33,0.00,30294.60,27032.58,183.87,84.03,10.75,8.91,71.78,8108605.00,5274625.00,0.08,102.59,15.68,31110.24,27474.28,110233.80,94595.26,95601.93,2.00,0.11
2025,26.33,-8.05,6.40,59710.54,1.18,320.25,2.59,471583.60,0.09,0.20,1.20,0.02,5.02,0.88,0.85,0.65,2711194.00,42916.21,42916.21,332705.50,332705.50,621939.70,621939.70,25442.70,30.80,0.03,0.39,-10034.59,-10034.59,-1.23,-1.23,121159.40,482207.50,0.51,8199658.00,5954279.00,56.92,34.40,3.76,233271.10,-438081.80,-4.19,-4.19,426282.20,152627.60,0.01,0.38,10.13,1.42,676332.90,3.55,4.13,1634011.00,923803.50,0.12,2310344.00,23826910.00,17433750.00,0.47,57687.58,0.29,56329.35,26972.95,0.00,0.84,7.71,1.26,464.13,11808620.00,432.04,9374135.00,477055.90,1003312.00,1.19,0.04,0.03,5.75,5432653.00,9.94,8.59,28.16,11.98,101106.80,68463.06,23.19,318.10,5086812.00,0.86,1.01,14.85,549038.20,2273112.00,1000.00,4076419.00,-280823.00,0.63,0.00,0.00,0.00,0.00,0.00,186687.50,0.03,3.71,0.01,0.05,2.35,2.32,7.27,1585.87,1.12,1.12,476.93,12134310.00,425.43,9230724.00,14.93,1.34,411.13,10460260.00,359.53,7800970.00,340.05,7378202.00,36847.85,175.39,96797.23,613.64,146.50,1.37,0.00,32053.97,28026.36,187.33,87.60,11.09,9.13,73.86,8184437.00,5320529.00,0.08,104.42,15.70,32908.71,28480.16,115345.10,97251.04,98708.69,2.00,0.50
2026,28.34,-7.28,6.29,63657.41,1.20,336.99,2.71,526661.00,0.09,0.20,1.22,0.03,5.26,0.87,0.86,0.65,3017043.00,47914.91,47915.09,371457.70,371458.90,701348.40,701350.40,25895.99,30.80,0.03,0.40,-10747.36,-10747.36,-1.23,-1.23,137327.20,513958.70,0.51,8735615.00,6475625.00,55.46,34.40,3.81,254917.60,-440600.50,-3.77,-3.77,520925.00,167701.80,0.01,0.29,8.78,1.47,721716.00,3.47,4.62,1744925.00,1025395.00,0.12,2466641.00,25696500.00,17974180.00,0.47,57925.19,0.29,56551.88,27079.50,0.00,0.84,7.96,1.31,501.61,12989620.00,457.62,9929237.00,521229.90,1120172.00,1.25,0.04,0.03,5.99,5798157.00,10.28,8.81,27.95,12.33,101778.60,68745.05,23.84,318.10,5680909.00,0.90,1.01,14.85,579086.10,2576443.00,1000.00,4371477.00,-299884.10,0.63,0.00,0.00,0.00,0.00,0.00,208175.70,0.03,3.74,0.01,0.05,2.37,2.34,7.71,1645.51,1.14,1.14,514.86,13332740.00,450.14,9766979.00,15.71,1.40,450.87,11675690.00,383.30,8316615.00,362.62,7867917.00,37724.23,180.60,99486.53,626.71,148.84,1.42,0.00,33914.59,29055.22,190.96,91.18,11.44,9.36,76.02,8259277.00,5364223.00,0.09,106.31,15.72,34800.66,29513.94,120536.30,99945.31,101940.50,2.00,0.99
2027,33.22,-6.61,6.75,68093.03,1.23,352.86,2.83,582980.90,0.09,0.20,1.25,0.03,5.49,0.86,0.88,0.65,3304211.00,52375.12,52375.39,406035.80,406037.30,774095.40,774098.20,26257.68,30.80,0.03,0.42,-11410.59,-11410.65,-1.23,-1.23,145554.30,543515.00,0.51,9329094.00,6956736.00,53.87,34.40,3.81,277516.10,-481110.70,-3.73,-3.68,569416.80,180188.80,0.01,0.23,7.69,1.53,776094.30,3.40,4.62,1827738.00,1124038.00,0.12,2603833.00,27639420.00,18547390.00,0.47,58146.81,0.29,56758.83,27178.62,0.00,0.84,7.96,1.35,529.04,13891460.00,473.03,10263710.00,569747.40,1224443.00,1.31,0.04,0.03,6.23,6147185.00,10.63,9.04,27.73,12.69,102425.80,69008.14,24.51,318.10,6288409.00,0.94,1.01,14.85,611899.00,2823102.00,1056.40,4675176.00,-278988.20,0.63,0.00,0.00,0.00,0.00,0.00,231278.40,0.03,3.77,0.01,0.05,2.39,2.35,7.86,1698.67,1.17,1.16,545.57,14325470.00,467.53,10144200.00,16.43,1.45,491.79,12913220.00,410.00,8896027.00,383.35,8317778.00,38563.82,185.53,102485.60,639.34,151.14,1.46,0.00,35769.38,30024.84,194.48,94.80,11.80,9.61,78.24,8333078.00,5407154.00,0.09,108.19,15.74,36653.54,30457.90,126534.90,102918.90,105171.70,2.00,
2028,38.37,-6.06,7.20,72387.37,1.25,368.48,2.94,640672.90,0.09,0.20,1.27,0.03,5.72,0.85,0.89,0.65,3609167.00,57171.37,57171.72,443218.70,443220.50,852915.60,852919.30,26606.16,30.80,0.03,0.44,-12073.80,-12073.92,-1.23,-1.23,153597.90,573481.50,0.51,9904929.00,7483000.00,52.76,34.40,3.81,298684.30,-526265.10,-3.71,-3.60,621561.70,193479.70,0.01,0.18,6.74,1.58,832830.20,3.33,4.62,1884748.00,1228275.00,0.12,2717578.00,29628240.00,19158040.00,0.47,58349.86,0.29,56947.53,27268.91,0.00,0.84,7.96,1.40,558.00,14846170.00,489.03,10610870.00,620611.20,1336567.00,1.36,0.04,0.03,6.45,6500997.00,10.96,9.25,27.51,13.02,103043.30,69249.11,25.14,318.10,6910712.00,0.98,1.01,14.85,646108.40,3082903.00,1115.77,4982338.00,-261391.40,0.63,0.00,0.00,0.00,0.00,0.00,256273.70,0.03,3.81,0.02,0.05,2.40,2.37,8.01,1754.17,1.19,1.18,578.14,15382160.00,485.64,10537200.00,17.16,1.50,533.11,14184110.00,435.86,9456997.00,404.98,8787141.00,39399.70,190.35,105519.60,651.99,153.51,1.50,0.00,37727.89,31034.52,198.04,98.15,12.13,9.83,80.31,8405863.00,5449338.00,0.09,110.09,15.76,38607.87,31439.91,132758.50,105925.40,108531.40,2.00,
2029,43.78,-5.57,7.60,76700.33,1.28,383.92,3.05,701208.20,0.09,0.20,1.30,0.03,5.94,0.84,0.91,0.65,3932877.00,62287.18,62287.52,482878.60,482880.50,937580.40,937583.90,26941.52,30.80,0.03,0.46,-12738.39,-12738.57,-1.23,-1.23,161860.70,602734.40,0.51,10483700.00,8055539.00,51.91,34.40,3.81,321697.90,-572536.70,-3.69,-3.52,677179.90,207589.00,0.01,0.14,5.91,1.63,891334.10,3.26,4.62,1934006.00,1339118.00,0.12,2825338.00,31653600.00,19808870.00,0.47,58530.42,0.29,57114.30,27348.77,0.00,0.84,7.96,1.45,588.54,15856140.00,505.57,10969810.00,672272.20,1456159.00,1.41,0.04,0.03,6.67,6863908.00,11.29,9.47,27.28,13.37,103624.10,69463.40,25.78,318.10,7563686.00,1.01,1.01,14.85,681849.40,3360339.00,1178.09,5280033.00,-245816.10,0.63,0.00,0.00,0.00,0.00,0.00,284942.70,0.03,3.84,0.02,0.05,2.42,2.38,8.15,1811.88,1.21,1.21,612.58,16503870.00,504.39,10944050.00,17.91,1.55,576.03,15519130.00,461.82,10020440.00,427.29,9271125.00,40236.25,195.08,108635.70,664.73,155.96,1.54,0.00,39797.59,32081.63,201.66,101.50,12.47,10.06,82.43,8477661.00,5490794.00,0.09,112.02,15.78,40670.63,32457.03,139281.50,109011.10,112010.60,2.00,
2030,49.46,-5.13,7.96,81097.69,1.30,399.17,3.17,765319.70,0.09,0.20,1.32,0.03,6.16,0.83,0.92,0.65,4275156.00,67723.98,67724.34,525027.20,525029.20,1028116.00,1028121.00,27264.14,30.80,0.03,0.47,-13402.84,-13403.07,-1.23,-1.23,170357.70,631120.20,0.51,11073990.00,8673325.00,51.22,34.40,3.81,346601.20,-617787.40,-3.65,-3.44,736288.00,222538.40,0.01,0.11,5.17,1.68,951397.90,3.20,4.62,1983833.00,1456922.00,0.12,2935229.00,33714510.00,20501370.00,0.47,58685.92,0.29,57256.76,27417.03,0.00,0.84,7.96,1.49,620.72,16923230.00,522.64,11340250.00,724430.60,1583256.00,1.47,0.04,0.03,6.89,7236374.00,11.62,9.70,27.05,13.72,104163.50,69648.01,26.44,318.09,8255237.00,1.05,1.01,14.85,719176.10,3657369.00,1243.37,5577402.00,-231722.40,0.63,0.00,0.00,0.00,0.00,0.00,318102.90,0.03,3.88,0.02,0.05,2.44,2.40,8.29,1871.76,1.24,1.23,648.93,17692370.00,523.75,11364150.00,18.66,1.60,621.09,16933410.00,488.30,10594880.00,450.19,9768024.00,41074.99,199.75,111852.70,677.57,158.48,1.58,0.00,41981.69,33164.89,205.35,104.85,12.81,10.31,84.60,8548487.00,5531537.00,0.10,113.98,15.80,42844.64,33507.80,146139.80,112195.60,115605.60,2.00,
2031,55.99,-4.72,8.36,85784.39,1.33,414.81,3.28,835227.20,0.09,0.20,1.35,0.03,6.38,0.83,0.94,0.65,4641038.00,73607.72,73608.10,570640.40,570642.60,1124326.00,1124331.00,27574.30,30.80,0.03,0.49,-14086.56,-14086.83,-1.23,-1.23,179032.20,660028.40,0.51,11702420.00,9334391.00,50.53,34.40,3.81,372895.90,-661063.30,-3.58,-3.37,800255.30,238445.90,0.01,0.09,4.51,1.73,1014934.00,3.14,4.62,2039321.00,1583691.00,0.12,3054259.00,35817110.00,21242920.00,0.47,58908.23,0.30,57464.42,27516.46,0.00,0.84,7.96,1.54,654.30,18041950.00,540.01,11717030.00,778768.40,1720799.00,1.52,0.04,0.03,7.11,7626767.00,11.96,9.93,26.81,14.08,104660.40,69911.86,27.12,318.09,9009305.00,1.09,1.01,14.85,759091.60,3979976.00,1312.30,5886445.00,-218330.30,0.63,0.00,0.00,0.00,0.00,0.00,356097.30,0.03,3.91,0.02,0.05,2.45,2.41,8.42,1933.50,1.26,1.26,687.49,18957040.00,543.91,11801460.00,19.46,1.65,669.97,18473850.00,516.52,11207130.00,474.42,10293670.00,41907.03,204.22,115169.60,690.41,161.14,1.62,0.00,44268.50,34271.73,209.11,108.20,13.16,10.55,86.83,8618349.00,5568725.00,0.10,115.94,15.82,45127.25,34586.47,153354.80,115483.80,119266.30,2.00,
2032,62.70,-4.36,8.69,90607.86,1.36,430.50,3.40,909667.40,0.09,0.20,1.37,0.03,6.61,0.82,0.95,0.65,5025375.00,79805.90,79806.26,618691.50,618693.60,1226019.00,1226024.00,27872.30,30.80,0.03,0.51,-14777.46,-14777.75,-1.23,-1.23,187926.30,688795.40,0.51,12349220.00,10036790.00,49.90,34.40,3.81,400300.80,-702397.30,-3.49,-3.30,867640.70,255272.60,0.01,0.07,3.93,1.79,1079392.00,3.08,4.62,2104412.00,1718093.00,0.12,3183804.00,37968580.00,22033280.00,0.47,59107.64,0.30,57649.81,27605.23,0.00,0.84,7.96,1.59,689.81,19226530.00,558.03,12108070.00,834863.40,1865694.00,1.57,0.04,0.03,7.32,8026765.00,12.29,10.18,26.57,14.45,105117.60,70148.59,27.80,318.09,9812266.00,1.13,1.01,14.85,800774.50,4322978.00,1384.33,6205153.00,-206053.40,0.63,0.00,0.00,0.00,0.00,0.00,397770.00,0.04,3.95,0.02,0.05,2.47,2.43,8.55,1997.75,1.29,1.28,728.14,20294830.00,564.67,12252060.00,20.26,1.70,721.64,20113630.00,545.56,11837290.00,498.99,10826910.00,42745.23,208.64,118583.30,703.39,163.89,1.67,0.00,46690.15,35423.00,212.95,111.50,13.52,10.82,89.12,8687228.00,5605149.00,0.10,117.92,15.84,47537.70,35704.26,160922.50,118864.60,123069.00,2.00,
2033,69.85,-4.02,8.99,95609.22,1.38,446.27,3.52,989267.80,0.09,0.20,1.40,0.03,6.83,0.81,0.97,0.65,5433966.00,86394.70,86395.17,669771.00,669773.80,1334400.00,1334406.00,28158.46,30.80,0.03,0.53,-15476.19,-15476.54,-1.23,-1.23,197079.90,718521.40,0.51,13019650.00,10783040.00,49.31,34.40,3.81,429323.70,-746236.90,-3.41,-3.24,939274.40,273073.50,0.01,0.06,3.42,1.84,1145818.00,3.03,4.62,2175939.00,1860824.00,0.12,3321757.00,40173630.00,22872150.00,0.47,59286.44,0.30,57815.15,27684.37,0.00,0.84,7.96,1.64,727.11,20474270.00,576.55,12509880.00,894356.60,2019720.00,1.63,0.04,0.03,7.54,8438230.00,12.63,10.43,26.33,14.83,105539.10,70360.85,28.50,318.09,10670900.00,1.17,1.01,14.85,844275.30,4687727.00,1459.54,6532786.00,-194679.50,0.63,0.00,0.00,0.00,0.00,0.00,442224.60,0.04,3.99,0.02,0.05,2.48,2.45,8.68,2064.09,1.32,1.31,771.00,21710040.00,586.09,12716700.00,21.09,1.75,776.54,21866040.00,575.67,12490650.00,524.32,11376440.00,43587.96,213.00,122107.90,716.50,166.73,1.71,0.00,49237.82,36608.31,216.86,114.81,13.88,11.09,91.47,8755084.00,5640786.00,0.10,119.91,15.86,50071.22,36853.88,168878.10,122353.70,126980.00,2.00,
2034,77.47,-3.72,9.28,100802.00,1.41,462.16,3.63,1074407.00,0.09,0.20,1.43,0.03,7.06,0.81,0.98,0.65,5868326.00,93399.51,93399.99,724075.20,724078.10,1449932.00,1449938.00,28433.10,30.80,0.03,0.54,-16183.50,-16183.89,-1.23,-1.23,206497.10,749229.10,0.51,13715550.00,11575420.00,48.76,34.40,3.81,460058.90,-792391.40,-3.34,-3.18,1015430.00,291895.70,0.01,0.04,2.97,1.89,1214362.00,2.98,4.62,2253884.00,2012509.00,0.12,3468246.00,42437040.00,23759400.00,0.47,59447.88,0.30,57963.55,27755.46,0.00,0.84,7.96,1.69,766.28,21787570.00,595.56,12922540.00,957395.10,2183468.00,1.68,0.04,0.03,7.76,8862411.00,12.98,10.70,26.08,15.22,105930.40,70552.48,29.21,318.08,11589250.00,1.21,1.01,14.85,889603.80,5075936.00,1537.99,6871869.00,-184105.10,0.63,0.00,0.00,0.00,0.00,0.00,489844.30,0.04,4.02,0.02,0.05,2.50,2.46,8.80,2132.51,1.34,1.33,816.18,23206430.00,608.17,13195760.00,21.94,1.80,834.92,23739430.00,606.94,13169030.00,550.45,11943470.00,44434.67,217.30,125744.90,729.71,169.66,1.76,0.00,51916.18,37827.36,220.84,118.13,14.25,11.37,93.88,8821863.00,5675603.00,0.11,121.91,15.88,52732.19,38034.99,177239.90,125952.80,130998.90,2.00,
2035,85.61,-3.44,9.54,106195.80,1.44,478.14,3.75,1165440.00,0.09,0.20,1.46,0.03,7.29,0.80,1.00,0.65,6330028.00,100845.20,100845.50,781795.60,781798.30,1573074.00,1573080.00,28696.56,30.80,0.03,0.56,-16898.03,-16898.44,-1.23,-1.23,216205.30,780974.40,0.51,14438140.00,12416370.00,48.23,34.40,3.81,492593.70,-840952.70,-3.27,-3.12,1096374.00,311786.80,0.01,0.03,2.58,1.95,1285122.00,2.93,4.62,2338199.00,2173713.00,0.12,3623319.00,44763300.00,24695090.00,0.47,59594.58,0.30,58097.67,27819.69,0.00,0.84,7.96,1.74,807.38,23169110.00,615.08,13346000.00,1024204.00,2357514.00,1.74,0.04,0.03,7.98,9300160.00,13.33,10.97,25.83,15.62,106296.10,70726.62,29.93,318.08,12571190.00,1.24,1.01,14.85,936768.40,5489075.00,1619.72,7223266.00,-174253.40,0.63,0.00,0.00,0.00,0.00,0.00,540834.40,0.04,4.06,0.02,0.05,2.51,2.47,8.91,2203.01,1.37,1.36,863.79,24787850.00,630.92,13689480.00,22.81,1.86,897.03,25741540.00,639.41,13873700.00,577.43,12528880.00,45288.15,221.58,129495.30,743.05,172.66,1.80,0.00,54730.37,39080.07,224.88,121.45,14.63,11.66,96.35,8887524.00,5709579.00,0.11,123.92,15.89,55525.29,39247.33,186023.90,129662.30,135126.10,2.00,
2036,93.89,-3.19,9.76,111614.40,1.47,493.85,3.87,1260573.00,0.09,0.20,1.49,0.03,7.52,0.80,1.02,0.65,6814078.00,108587.00,108587.70,841817.50,841820.40,1704846.00,1704852.00,28949.16,30.80,0.03,0.58,-17606.83,-17607.25,-1.23,-1.23,226218.20,812538.80,0.51,15164560.00,13309130.00,47.82,34.40,3.81,527018.10,-892750.20,-3.21,-3.06,1180549.00,332744.60,0.01,0.03,2.24,2.01,1355738.00,2.88,4.62,2426864.00,2342445.00,0.12,3782602.00,47152460.00,25671110.00,0.47,59632.90,0.30,58126.17,27833.36,0.00,0.84,7.96,1.79,850.84,24630960.00,635.34,13785670.00,1093303.00,2538503.00,1.79,0.04,0.03,8.20,9741526.00,13.68,11.25,25.57,16.03,106637.60,70772.17,30.66,318.08,13597380.00,1.28,1.01,14.85,987229.00,5921328.00,1706.76,7578864.00,-165362.20,0.63,0.00,0.00,0.00,0.00,0.00,594696.10,0.04,4.10,0.02,0.05,2.53,2.49,9.03,2276.31,1.40,1.39,913.81,26454050.00,654.26,14195920.00,23.68,1.91,961.48,27834080.00,672.04,14581580.00,604.36,13113080.00,46145.72,225.85,133413.80,756.49,175.69,1.85,0.00,57708.72,40382.67,228.98,124.80,15.01,11.96,98.87,8952049.00,5742422.00,0.11,125.96,15.91,58479.97,40508.05,195327.70,133538.90,139406.30,2.00,
2037,102.91,-2.96,9.99,117243.70,1.50,509.66,3.98,1362122.00,0.09,0.20,1.52,0.03,7.75,0.79,1.03,0.65,7331973.00,116878.50,116879.10,906095.40,906098.20,1846483.00,1846489.00,29191.24,30.80,0.03,0.60,-18322.63,-18323.14,-1.23,-1.23,236553.00,845481.20,0.51,15919070.00,14258730.00,47.42,34.40,3.81,563455.30,-949590.00,-3.16,-3.01,1270689.00,354965.90,0.01,0.02,1.95,2.06,1429711.00,2.84,4.62,2516647.00,2521863.00,0.12,3946359.00,49604640.00,26688240.00,0.47,59657.00,0.30,58140.89,27840.38,0.00,0.84,7.96,1.84,896.50,26169910.00,656.17,14237810.00,1166738.00,2732325.00,1.84,0.04,0.03,8.42,10198450.00,14.04,11.53,25.31,16.45,106955.40,70800.83,31.40,318.08,14692750.00,1.32,1.00,14.86,1039735.00,6382382.00,1797.31,7946547.00,-157021.70,0.63,0.00,0.00,0.00,0.00,0.00,652713.60,0.04,4.14,0.02,0.05,2.54,2.50,9.14,2352.04,1.42,1.42,966.75,28220690.00,678.49,14721540.00,24.58,1.96,1030.00,30067050.00,705.93,15316990.00,632.56,13725080.00,47009.36,230.10,137445.30,770.05,178.80,1.90,0.00,60842.07,41724.16,233.14,128.19,15.40,12.26,101.45,9015438.00,5774414.00,0.11,128.01,15.93,61585.49,41804.88,205089.70,137526.40,143810.10,2.00,
2038,112.51,-2.75,10.20,123069.20,1.53,525.57,4.10,1470198.00,0.09,0.20,1.55,0.03,7.98,0.79,1.05,0.65,7880218.00,125664.60,125664.80,974207.00,974209.60,1997250.00,1997256.00,29423.14,30.80,0.03,0.61,-19044.54,-19045.04,-1.23,-1.23,247207.40,878939.40,0.51,16699700.00,15266070.00,47.06,34.40,3.81,602096.10,-1007348.00,-3.10,-2.96,1366208.00,378408.40,0.01,0.02,1.69,2.12,1505930.00,2.79,4.62,2611744.00,2712180.00,0.12,4117677.00,52123030.00,27747270.00,0.47,59668.57,0.30,58143.52,27841.63,0.00,0.84,7.96,1.89,944.41,27787500.00,677.55,14701700.00,1243294.00,2937706.00,1.90,0.04,0.03,8.64,10669960.00,14.41,11.83,25.05,16.88,107252.20,70814.60,32.16,318.08,15858500.00,1.36,1.00,14.86,1094346.00,6872869.00,1891.51,8327348.00,-149219.20,0.63,0.00,0.00,0.00,0.00,0.00,715821.50,0.04,4.18,0.02,0.05,2.56,2.52,9.24,2429.95,1.45,1.44,1022.48,30084440.00,703.41,15262380.00,25.51,2.02,1102.63,32442870.00,741.01,16078060.00,661.62,14355650.00,47878.70,234.32,141594.80,783.73,181.97,1.94,0.00,64131.93,43101.34,237.36,131.60,15.80,12.57,104.09,9077694.00,5805559.00,0.12,130.08,15.95,64842.48,43134.44,215333.10,141628.00,148328.60,2.00,
2039,122.72,-2.55,10.40,129097.30,1.56,541.56,4.22,1585157.00,0.09,0.20,1.58,0.03,8.21,0.78,1.06,0.65,8460902.00,134972.50,134972.80,1046367.00,1046369.00,2157714.00,2157720.00,29645.20,30.80,0.03,0.63,-19772.22,-19772.75,-1.23,-1.23,258189.60,913179.90,0.51,17507250.00,16333300.00,46.71,34.40,3.81,642974.60,-1067199.00,-3.05,-2.91,1467401.00,403133.70,0.01,0.01,1.46,2.18,1584492.00,2.75,4.62,2712345.00,2913862.00,0.12,4296839.00,54710970.00,28849020.00,0.47,59669.38,0.30,58135.69,27837.90,0.00,0.84,7.96,1.94,994.68,29487400.00,699.48,15177590.00,1323585.00,3155292.00,1.95,0.04,0.03,8.87,11156110.00,14.78,12.13,24.78,17.32,107531.30,70815.67,32.93,318.07,17098540.00,1.40,1.00,14.86,1151116.00,7393705.00,1989.46,8720781.00,-141909.80,0.63,0.00,0.00,0.00,0.00,0.00,783742.50,0.04,4.22,0.02,0.05,2.57,2.53,9.35,2510.07,1.48,1.47,1081.13,32050150.00,729.07,15818960.00,26.46,2.07,1179.60,34969330.00,777.30,16865570.00,691.58,15005590.00,48753.23,238.52,145863.60,797.51,185.20,1.99,0.00,67585.70,44515.01,241.64,135.04,16.20,12.89,106.78,9138829.00,5835869.00,0.12,132.15,15.97,68257.89,44497.34,226080.10,145845.80,152964.90,2.00,
2040,133.59,-2.37,10.59,135336.00,1.59,557.72,4.34,1707407.00,0.09,0.20,1.61,0.03,8.44,0.78,1.08,0.65,9076061.00,144831.30,144832.00,1122800.00,1122802.00,2328474.00,2328481.00,29857.75,30.80,0.03,0.65,-20508.19,-20508.74,-1.23,-1.23,269509.80,948348.20,0.51,18342830.00,17463010.00,46.38,34.40,3.81,686169.90,-1129718.00,-3.00,-2.86,1574590.00,429203.30,0.01,0.01,1.26,2.24,1665507.00,2.72,4.62,2818594.00,3127509.00,0.12,4484100.00,57371840.00,29994420.00,0.47,59660.92,0.30,58118.94,27829.87,0.00,0.84,7.96,2.00,1047.41,31273310.00,721.98,15665800.00,1408020.00,3385767.00,2.01,0.04,0.03,9.10,11657400.00,15.15,12.44,24.51,17.76,107795.00,70805.68,33.71,318.07,18417210.00,1.44,1.00,14.86,1210107.00,7946341.00,2091.26,9127381.00,-135051.40,0.63,0.00,0.00,0.00,0.00,0.00,856538.90,0.04,4.26,0.02,0.05,2.58,2.55,9.45,2592.46,1.51,1.50,1142.85,34122780.00,755.46,16391630.00,27.43,2.13,1261.15,37655130.00,814.87,17680620.00,722.47,15675810.00,49633.11,242.70,150254.50,811.40,188.50,2.04,0.00,71210.84,45965.91,245.96,138.52,16.61,13.22,109.54,9198847.00,5865349.00,0.12,134.23,15.99,71838.65,45894.15,237352.90,150182.30,157720.50,2.00,
2041,144.07,-2.21,10.71,141539.80,1.62,573.63,4.46,1833930.00,0.09,0.20,1.64,0.03,8.67,0.77,1.09,0.65,9720016.00,155075.00,155075.70,1202213.00,1202215.00,2510733.00,2510740.00,30061.12,30.80,0.03,0.67,-21236.87,-21237.45,-1.23,-1.23,281425.50,983270.40,0.51,19175150.00,18659710.00,46.15,34.40,3.81,731781.60,-1196673.00,-2.96,-2.82,1685957.00,456808.00,0.01,0.01,1.09,2.30,1746548.00,2.68,4.62,2928784.00,3350788.00,0.12,4675333.00,60103540.00,31176370.00,0.47,59566.45,0.30,58018.50,27781.77,0.00,0.84,7.96,2.05,1104.17,33192440.00,746.03,16187730.00,1494991.00,3625223.00,2.06,0.04,0.03,9.33,12163540.00,15.53,12.76,24.23,18.22,108044.70,70693.64,34.50,318.07,19781940.00,1.48,1.00,14.86,1272320.00,8523342.00,2198.04,9538402.00,-128860.60,0.63,0.00,0.00,0.00,0.00,0.00,933476.50,0.04,4.30,0.02,0.05,2.60,2.56,9.55,2679.49,1.54,1.53,1208.12,36317400.00,782.83,16985510.00,28.41,2.19,1345.16,40436940.00,852.22,18491090.00,753.37,16346250.00,50552.98,247.18,154886.60,825.85,191.84,2.10,0.00,75104.12,47510.93,250.43,142.02,17.03,13.56,112.35,9257745.00,5897064.00,0.12,136.40,16.01,75670.55,47374.95,249356.60,154750.50,162783.40,2.00,
2042,155.63,-2.06,10.85,147989.40,1.65,589.62,4.57,1968678.00,0.09,0.20,1.68,0.03,8.90,0.77,1.11,0.65,10406030.00,165997.70,165998.40,1286889.00,1286893.00,2706093.00,2706100.00,30255.63,30.80,0.03,0.68,-21970.22,-21970.90,-1.23,-1.23,293840.50,1019372.00,0.51,20039920.00,19928790.00,45.92,34.40,3.81,779978.50,-1269080.00,-2.92,-2.78,1804708.00,485879.40,0.01,0.01,0.94,2.36,1831175.00,2.65,4.62,3039971.00,3587394.00,0.12,4871146.00,62905500.00,32396470.00,0.47,59463.35,0.31,57909.75,27729.70,0.00,0.84,7.96,2.11,1163.24,35194570.00,770.39,16716390.00,1586505.00,3880558.00,2.12,0.04,0.03,9.57,12686640.00,15.92,13.08,23.95,18.68,108280.70,70571.36,35.31,318.07,21235450.00,1.52,1.00,14.86,1337079.00,9136943.00,2309.24,9958826.00,-122988.30,0.63,0.00,0.00,0.00,0.00,0.00,1016102.00,0.04,4.34,0.02,0.05,2.61,2.57,9.65,2768.22,1.57,1.56,1276.75,38628650.00,810.96,17595860.00,29.41,2.24,1434.40,43398540.00,891.05,19333660.00,785.64,17046390.00,51482.64,251.69,159681.10,840.46,195.23,2.15,0.00,79162.05,49079.13,254.95,145.67,17.45,13.90,115.20,9315508.00,5927983.00,0.13,138.59,16.03,79662.22,48876.96,262001.60,159478.80,167916.50,2.00,
2043,167.84,-1.92,10.98,154637.60,1.69,605.68,4.69,2111349.00,0.09,0.20,1.71,0.03,9.13,0.77,1.12,0.65,11129920.00,177532.10,177532.80,1376309.00,1376313.00,2913603.00,2913610.00,30441.62,30.80,0.03,0.70,-22707.17,-22707.86,-1.23,-1.23,306702.30,1055854.00,0.51,20931250.00,21270990.00,45.71,34.40,3.81,830967.50,-1342209.00,-2.88,-2.74,1930107.00,516502.80,0.01,0.01,0.81,2.42,1918197.00,2.61,4.62,3156412.00,3837513.00,0.12,5074607.00,65780120.00,33656140.00,0.47,59351.61,0.31,57792.67,27673.63,0.00,0.84,7.96,2.16,1225.29,37299790.00,795.43,17259780.00,1681305.00,4150187.00,2.17,0.04,0.03,9.81,13225420.00,16.32,13.40,23.67,19.15,108502.60,70438.78,36.12,318.07,22774390.00,1.56,1.00,14.86,1404388.00,9787699.00,2424.78,10394330.00,-117463.20,0.63,0.00,0.00,0.00,0.00,0.00,1105804.00,0.04,4.37,0.02,0.05,2.63,2.59,9.74,2859.49,1.61,1.59,1348.92,41063290.00,839.89,18223550.00,30.44,2.30,1528.62,46533740.00,931.08,20202210.00,818.82,17766300.00,52423.61,256.25,164624.10,855.25,198.67,2.20,0.00,83423.94,50690.23,259.54,149.37,17.89,14.25,118.11,9372118.00,5958096.00,0.13,140.79,16.04,83848.60,50417.41,275288.20,164351.20,173188.10,2.00,
2044,180.72,-1.80,11.10,161486.50,1.72,621.78,4.81,2262292.00,0.09,0.20,1.74,0.04,9.36,0.76,1.14,0.65,11893920.00,189706.00,189706.70,1470685.00,1470690.00,3133831.00,3133838.00,30619.39,30.80,0.03,0.72,-23447.00,-23447.72,-1.23,-1.23,320026.20,1092999.00,0.51,21849420.00,22688740.00,45.51,34.40,3.81,884774.90,-1417722.00,-2.84,-2.70,2062460.00,548750.00,0.01,0.00,0.70,2.48,2007655.00,2.58,4.62,3278284.00,4101609.00,0.12,5285939.00,68729860.00,34956550.00,0.47,59230.78,0.31,57666.90,27613.40,0.00,0.84,7.96,2.22,1290.46,39512940.00,821.17,17818220.00,1780149.00,4434766.00,2.23,0.04,0.03,10.06,13779550.00,16.72,13.73,23.38,19.63,108709.70,70295.45,36.96,318.07,24402560.00,1.60,1.00,14.86,1474318.00,10476200.00,2544.77,10842480.00,-112260.40,0.63,0.00,0.00,0.00,0.00,0.00,1201962.00,0.04,4.41,0.02,0.05,2.64,2.60,9.84,2953.34,1.64,1.63,1424.82,43627030.00,869.63,18868960.00,31.49,2.36,1628.06,49850250.00,972.32,21096950.00,852.93,18506420.00,53375.15,260.84,169714.10,870.20,202.15,2.25,0.00,87899.29,52345.21,264.19,153.13,18.33,14.60,121.07,9427555.00,5987392.00,0.13,143.02,16.06,88238.31,51996.90,289238.10,169365.90,178601.50,2.00,
2045,194.29,-1.68,11.21,168540.20,1.75,637.99,4.93,2421909.00,0.09,0.20,1.78,0.04,9.59,0.76,1.15,0.65,12700210.00,202550.40,202551.10,1570263.00,1570266.00,3367398.00,3367404.00,30789.26,30.80,0.03,0.74,-24191.67,-24192.40,-1.23,-1.23,333784.70,1130959.00,0.51,22795010.00,24185060.00,45.33,34.40,3.81,941490.20,-1496307.00,-2.80,-2.67,2202103.00,582696.40,0.01,0.00,0.60,2.55,2099612.00,2.55,4.62,3405656.00,4380316.00,0.12,5505271.00,71757400.00,36298770.00,0.47,59100.51,0.31,57531.99,27548.83,0.00,0.84,7.96,2.27,1358.89,41839110.00,847.61,18392110.00,1883483.00,4735023.00,2.28,0.04,0.03,10.31,14349320.00,17.13,14.07,23.08,20.12,108901.00,70140.94,37.80,318.06,26124310.00,1.64,1.00,14.86,1546944.00,11203900.00,2669.28,11303520.00,-107356.10,0.63,0.00,0.00,0.00,0.00,0.00,1304612.00,0.04,4.45,0.02,0.05,2.65,2.61,9.93,3049.83,1.67,1.66,1504.61,46325880.00,900.21,19532410.00,32.57,2.42,1732.97,53356790.00,1014.79,22018490.00,887.99,19267200.00,54331.72,265.42,174949.80,885.25,205.69,2.31,0.00,92598.00,54044.90,268.88,156.96,18.78,14.96,124.09,9481803.00,6015864.00,0.14,145.26,16.08,92840.31,53616.09,303875.20,174521.00,184159.50,2.00,
2046,207.53,-1.57,11.28,175421.70,1.79,653.47,5.05,2584864.00,0.09,0.20,1.81,0.04,9.81,0.76,1.17,0.65,13531310.00,215597.20,215597.90,1671405.00,1671410.00,3616096.00,3616105.00,30951.53,30.80,0.03,0.76,-24909.39,-24910.17,-1.23,-1.23,347905.20,1167081.00,0.51,23718390.00,25766000.00,45.25,34.40,3.81,1001229.00,-1580918.00,-2.78,-2.64,2343945.00,617850.50,0.01,0.00,0.52,2.61,2188528.00,2.53,4.62,3534354.00,4666699.00,0.12,5722881.00,74855970.00,37665910.00,0.47,58820.94,0.31,57251.91,27414.69,0.00,0.84,7.96,2.33,1430.30,44269800.00,874.51,18975870.00,1986978.00,5040002.00,2.34,0.04,0.03,10.56,14910710.00,17.55,14.42,22.79,20.62,109076.80,69809.21,38.66,318.06,27882020.00,1.68,1.00,14.86,1621205.00,11950390.00,2797.78,11755420.00,-102972.50,0.63,0.00,0.00,0.00,0.00,0.00,1411243.00,0.04,4.49,0.02,0.05,2.67,2.63,10.02,3147.59,1.71,1.69,1587.02,49120700.00,930.78,20195620.00,33.63,2.48,1839.60,56938440.00,1056.22,22917450.00,921.89,20002770.00,55280.25,269.96,180265.80,900.16,209.18,2.37,0.00,97487.58,55765.44,273.56,160.83,19.24,15.32,127.18,9534855.00,6040511.00,0.14,147.46,16.10,97624.48,55253.34,319113.60,179753.20,189788.60,2.00,
2047,221.93,-1.47,11.37,182512.90,1.83,668.95,5.16,2756959.00,0.09,0.20,1.85,0.04,10.04,0.75,1.18,0.65,14419500.00,229562.30,229563.00,1779670.00,1779675.00,3883706.00,3883713.00,31106.50,30.80,0.03,0.77,-25627.31,-25628.18,-1.23,-1.23,362489.20,1204697.00,0.51,24669970.00,27442220.00,45.19,34.40,3.81,1064220.00,-1676211.00,-2.76,-2.60,2495772.00,655021.80,0.01,0.00,0.45,2.68,2282333.00,2.50,4.62,3657701.00,4969451.00,0.12,5940032.00,78019840.00,39060400.00,0.47,58531.70,0.31,56962.53,27276.11,0.00,0.84,7.96,2.39,1505.31,46824980.00,902.19,19576340.00,2095873.00,5366453.00,2.39,0.04,0.03,10.82,15490700.00,17.98,14.77,22.48,21.13,109236.70,69466.01,39.53,318.06,29738380.00,1.71,1.00,14.86,1698188.00,12743280.00,2931.06,12221210.00,-98809.71,0.63,0.00,0.00,0.00,0.00,0.00,1526278.00,0.05,4.53,0.02,0.05,2.68,2.64,10.10,3248.31,1.74,1.73,1674.12,52075920.00,962.49,20883580.00,34.72,2.55,1952.05,60721380.00,1098.92,23843860.00,957.66,20778820.00,56233.38,274.50,185720.40,915.14,212.71,2.42,0.00,102626.60,57536.08,278.27,164.76,19.70,15.70,130.33,9586708.00,6064300.00,0.14,149.66,16.12,102646.20,56935.53,335076.60,185119.90,195581.60,2.00,
2048,236.98,-1.38,11.45,189768.90,1.86,684.37,5.27,2937870.00,0.09,0.20,1.89,0.04,10.26,0.75,1.20,0.65,15350780.00,244228.60,244229.30,1893370.00,1893375.00,4166751.00,4166758.00,31254.46,30.80,0.03,0.79,-26342.55,-26343.42,-1.23,-1.23,377546.60,1241809.00,0.51,25643790.00,29211720.00,45.15,34.40,3.81,1130872.00,-1769502.00,-2.74,-2.57,2655221.00,694075.30,0.01,0.00,0.39,2.74,2378245.00,2.48,4.62,3785032.00,5288025.00,0.12,6163274.00,81249860.00,40484340.00,0.47,58232.16,0.31,56663.32,27132.87,0.00,0.84,7.96,2.45,1584.06,49509060.00,930.62,20193320.00,2206265.00,5709295.00,2.44,0.04,0.03,11.09,16085550.00,18.41,15.13,22.18,21.66,109379.30,69110.57,40.42,318.06,31689780.00,1.75,1.00,14.86,1777996.00,13581300.00,3069.25,12699390.00,-94881.11,0.63,0.00,0.00,0.00,0.00,0.00,1651818.00,0.05,4.57,0.02,0.05,2.69,2.65,10.19,3351.78,1.77,1.76,1765.53,55180780.00,995.02,21589390.00,35.84,2.61,2070.05,64698360.00,1142.61,24791850.00,994.23,21572320.00,57191.58,279.05,191321.50,930.20,216.25,2.48,0.00,108017.60,59353.14,283.02,168.76,20.18,16.08,133.55,9637357.00,6087230.00,0.15,151.87,16.13,107906.30,58658.61,351803.50,190626.90,201525.30,2.00,
2049,252.70,-1.29,11.52,197186.50,1.90,699.68,5.39,3127884.00,0.09,0.20,1.92,0.04,10.48,0.75,1.22,0.65,16327850.00,259621.90,259622.60,2012705.00,2012710.00,4465775.00,4465783.00,31395.69,30.80,0.03,0.81,-27053.79,-27054.69,-1.23,-1.23,393088.10,1278948.00,0.51,26639410.00,31075660.00,45.12,34.40,3.81,1201102.00,-1863897.00,-2.71,-2.55,2822575.00,735096.50,0.01,0.00,0.33,2.81,2476254.00,2.45,4.62,3916740.00,5622632.00,0.12,6392995.00,84547300.00,41939370.00,0.47,57921.45,0.31,56353.37,26984.43,0.00,0.84,7.96,2.51,1666.75,52328600.00,959.84,20827450.00,2319516.00,6069132.00,2.50,0.04,0.03,11.35,16694090.00,18.85,15.49,21.87,22.19,109502.60,68741.85,41.31,318.06,33739380.00,1.79,1.00,14.86,1860737.00,14463940.00,3212.50,13187680.00,-91172.20,0.63,0.00,0.00,0.00,0.00,0.00,1786524.00,0.05,4.61,0.02,0.05,2.71,2.67,10.27,3458.06,1.81,1.80,1861.47,58442060.00,1028.39,22313460.00,36.98,2.67,2193.79,68875440.00,1187.27,25760900.00,1031.60,22383180.00,58154.57,283.61,197072.50,945.33,219.82,2.54,0.00,113673.20,61217.97,287.82,172.83,20.66,16.47,136.83,9686800.00,6109304.00,0.15,154.07,16.15,113416.80,60423.68,369330.30,196278.30,207624.30,2.00,
2050,269.11,-1.21,11.58,204767.10,1.94,715.02,5.50,3327361.00,0.09,0.20,1.96,0.04,10.70,0.75,1.23,0.65,17353100.00,275773.00,275773.70,2137914.00,2137919.00,4781405.00,4781413.00,31530.46,30.80,0.03,0.82,-27765.23,-27766.16,-1.23,-1.23,409145.00,1316379.00,0.51,27657030.00,33036450.00,45.09,34.40,3.81,1274957.00,-1960767.00,-2.68,-2.52,2998166.00,778178.90,0.01,0.00,0.29,2.88,2576410.00,2.43,4.62,4052958.00,5973811.00,0.12,6629370.00,87913320.00,43426820.00,0.47,57598.82,0.31,56032.04,26830.57,0.00,0.84,7.96,2.57,1753.56,55290530.00,989.88,21479310.00,2436368.00,6446680.00,2.55,0.04,0.03,11.62,17316160.00,19.30,15.87,21.55,22.73,109605.00,68359.08,42.23,318.06,35891090.00,1.83,1.00,14.86,1946526.00,15392350.00,3360.99,13686240.00,-87666.94,0.63,0.00,0.00,0.00,0.00,0.00,1930073.00,0.05,4.65,0.02,0.05,2.72,2.68,10.35,3567.25,1.85,1.83,1962.14,61867220.00,1062.62,23056310.00,38.15,2.74,2323.49,73260560.00,1232.91,26751210.00,1069.79,23211740.00,59125.20,288.19,202978.70,960.58,223.44,2.60,0.00,119607.00,63132.06,292.66,176.96,21.15,16.86,140.18,9735034.00,6130523.00,0.15,156.29,16.17,119189.20,62231.95,387696.00,202078.50,213883.80,2.00,
