OBS,VNM_CAN_A,VNM_CANOTH_A,VNM_CANRATIO_A,VNM_CLIMLOSS_A,VNM_CMUD_A,VNM_CO2_A,VNM_COALC_A,VNM_CTAX_A,VNM_CTAXR_A,VNM_CXS_A,VNM_CXUD_A,VNM_DEP_A,VNM_EC_A,VNM_EFEX_A,VNM_EFF_A,VNM_ENAB_A,VNM_EXP_A,VNM_EXPE_A,VNM_EXPEB_A,VNM_EXPH_A,VNM_EXPHB_A,VNM_EXPSP_A,VNM_EXPSPB_A,VNM_EXR_A,VNM_FINC_A,VNM_GASC_A,VNM_GCARB_A,VNM_GCARBB_A,VNM_GCARBR_A,VNM_GCARBRB_A,VNM_GCOM_A,VNM_GCR_A,VNM_GDFXSH_A,VNM_GDI_A,VNM_GDN_A,VNM_GDNRATIO_A,VNM_GINI_DISP_A,VNM_GINT_A,VNM_GIP_A,VNM_GLN_A,VNM_GLNRATIO_A,VNM_GLNT_A,VNM_GOTH_A,VNM_GTRADE_A,VNM_GTRADER_A,VNM_HEAD19_A,VNM_HEAD55_A,VNM_HIC_A,VNM_IGR_A,VNM_INFT_A,VNM_INT_A,VNM_IPR_A,VNM_ITAX_A,VNM_ITAXR_A,VNM_ITR_A,VNM_K_A,VNM_LABSH_A,VNM_LFN_A,VNM_LFNF_A,VNM_LIVES_A,VNM_LNN_A,VNM_LNNF_A,VNM_LOCK_A,VNM_LRX_A,VNM_LRXF_A,VNM_LTI_A,VNM_MTD_A,VNM_MTN$_A,VNM_MTN_A,VNM_MTR$_A,VNM_MTR_A,VNM_OGC_A,VNM_OGI_A,VNM_OILC_A,VNM_OMS_A,VNM_OXS_A,VNM_PC_A,VNM_PCR_A,VNM_PE_A,VNM_PG_A,VNM_PM25_A,VNM_POIL_A,VNM_POPT_A,VNM_POPWA_A,VNM_POPWAF_A,VNM_PR_A,VNM_PREM_A,VNM_PROF_A,VNM_RC_A,VNM_REFEX_A,VNM_REL_RED_A,VNM_REMIT_A,VNM_REV_A,VNM_REVG_A,VNM_RPDI_A,VNM_SCR_A,VNM_SDLI_A,VNM_SHAREE_A,VNM_SHAREH_A,VNM_SHARESP_A,VNM_SHAREX_A,VNM_SOLV_A,VNM_TAX_A,VNM_TAXR_A,VNM_TECHL_A,VNM_TFP_A,VNM_URX_A,VNM_URXF_A,VNM_USER_A,VNM_WDR_A,VNM_XTD$_A,VNM_XTDNO$_A,VNM_XTN$_A,VNM_XTN_A,VNM_XTR$_A,VNM_XTR_A,VNM_YBAR_A,VNM_YED_A,VNM_YEN$_A,VNM_YEN_A,VNM_YER$_A,VNM_YER_A,VNM_YFT$_A,VNM_YFT_A
2000,,,,,,,,,,,,,,,,,,,,,,,,,,,,,,,,,,,,,,,,,,,,,,,,,,,,,,,,,,,,,,,,,,,,,,,,,,,,,,,,,,,,,,,,,,,,,,,,,,,,,,,,,,,,,,,,,,,,,,,,,,,,
2001,,,,,,,,,,,,,,,,,,,,,,,,,,,,,,,,,,,,,,,,,,,,,,,,,,,,,,,,,,,,,,,,,,,,,,,,,,,,,,,,,,,,,,,,,,,,,,,,,,,,,,,,,,,,,,,,,,,,,,,,,,,,
2002,,,,,,,,,,,,,,,,,,,,,,,,,,,,,,,,,,,,,,,,,,,,,,,,,,,,,,,,,,,,,,,,,,,,,,,,,,,,,,,,,,,,,,,,,,,,,,,,,,,,,,,,,,,,,,,,,,,,,,,,,,,,
2003,,,,,,,,,,,,,,,,,,,,,,,,,,,,,,,,,,,,,,,,,,,,,,,,,,,,,,,,,,,,,,,,,,,,,,,,,,,,,,,,,,,,,,,,,,,,,,,,,,,,,,,,,,,,,,,,,,,,,,,,,,,,
2004,,,,,,,,,,,,,,,,,,,,,,,,,,,,,,,,,,,,,,,,,,,,,,,,,,,,,,,,,,,,,,,,,,,,,,,,,,,,,,,,,,,,,,,,,,,,,,,,,,,,,,,,,,,,,,,,,,,,,,,,,,,,
2005,,,,,,,,,,,,,,,,,,,,,,,,,,,,,,,,,,,,,,,,,,,,,,,,,,,,,,,,,,,,,,,,,,,,,,,,,,,,,,,,,,,,,,,,,,,,,,,,,,,,,,,,,,,,,,,,,,,,,,,,,,,,
2006,,,,,,,,,,,,,,,,,,,,,,,,,,,,,,,,,,,,,,,,,,,,,,,,,,,,,,,,,,,,,,,,,,,,,,,,,,,,,,,,,,,,,,,,,,,,,,,,,,,,,,,,,,,,,,,,,,,,,,,,,,,,
2007,,,,,,,,,,,,,,,,,,,,,,,,,,,,,,,,,,,,,,,,,,,,,,,,,,,,,,,,,,,,,,,,,,,,,,,,,,,,,,,,,,,,,,,,,,,,,,,,,,,,,,,,,,,,,,,,,,,,,,,,,,,,
2008,,,,,,,,,,,,,,,,,,,,,,,,,,,,,,,,,,,,,,,,,,,,,,,,,,,,,,,,,,,,,,,,,,,,,,,,,,,,,,,,,,,,,,,,,,,,,,,,,,,,,,,,,,,,,,,,,,,,,,,,,,,,
2009,,,,,,,,,,,,,,,,,,,,,,,,,,,,,,,,,,,,,,,,,,,,,,,,,,,,,,,,,,,,,,,,,,,,,,,,,,,,,,,,,,,,,,,,,,,,,,,,,,,,,,,,,,,,,,,,,,,,,,,,,,,,
2010,0,-1.70500055,0,,0,,0,0,0.01413944,-0.04717022,0,-0.00126451,0.11494496,0,,0,0,-1049.34847,360.1852523,-7481.327335,6848.672918,-14361.89102,21463.24195,1035.880833,0,0.05850424,-20279.56724,,,,-1917.367712,9168.492469,-0.02165666,0,74157.20513,0,0.00026467,-0.55132999,-1106.438771,0,0,3.06124132,,0,-0.01989904,-3.89778544,-12.00560164,,24077.24289,0.15,1.01416667,0.07581321,0,0.02211616,0,0,-0.00964907,0.00005381,0.0001348,-0.14643341,-0.01113597,-0.0123884,0,0.000100984,-0.002343,2.50607999,-0.04275565,0,0,0,0.01660121,8023.091118,-0.05171085,0.02556574,-0.00541882,-0.03483232,,0.02518915,,,,,875.626,620.9627701,227.3116091,,-14.05916628,-1630.340522,,0,3.31010305,32609.82972,0,2787.846878,0,-80447.56199,0,0,0,0,0,0,0,0.00902457,-0.02206694,0,0,0.07122287,1.60135016,0,-0.00903672,0.10967327,0,0,0,-0.01864214,-0.01429399,0.0175448,0,0,0,0,0,0.00012984
2011,0.00000398,-0.2128698,0,0.56499085,0,-0.03589364,0,0,0.00335702,0.00203024,0,0.00368835,0.11130802,0,0.01538081,0,-0.05871928,-2077.255725,1079.634926,-15203.73845,9550.220574,-30332.37215,23722.85039,1338.445833,0,-0.33378824,-26987.17917,-19164.60932,-3.04844901,-3.04844729,-3642.242801,4764.804764,-0.0242,0,172333.8845,0,-0.00224416,-0.92775538,-1929.6481,0,0,1.66785354,21949.64304,0,-0.01078655,-0.09374713,-0.2609999,0.07641986,23026.9971,0.15,6.08416667,-0.12457084,0,0.00150689,0,0,0.00274641,-0.00016179,-0.00008579,-0.08989553,-0.01868068,-0.01794408,0,0.004654803,-0.0003772,0.08150065,0.06637149,0,0,0,-0.034253,10299.45317,-0.1479689,-0.09896321,0.01782638,0.00884517,0.4211817,-0.01255534,-0.31893763,0.45836757,-0.02611851,0.60880924,903.867,76.24608848,192.9335676,0,7.20969961,0,0.18294864,0,3.4128456,-5936.089809,-0.00375488,-2121.235665,0,35086.42148,0,0,0,0,0,0,0,0.00488586,-0.00016939,0,0,-0.0734236,1.78666294,0,0.02267509,0.07490688,0,0,0,-0.01048553,0.01773132,0.01771617,0,0,0,0.1902159,0,-0.00916913
2012,-0.00005347,-3.74301316,0.00000018,0.55862764,0.00000007,-0.04795943,0,-0.094148,-0.00984752,-0.03612037,0.00000043,-0.00127557,0.01460036,-0.00000001,0.01538085,0,0,-1162.613604,870.343,-9857.170965,18706.11,-18809.53696,29484.2,-297.0425,3.19381652,-0.140135,-34651.61565,-21898.38,-9.11367828,-9.11368,1532.852905,-23439.38103,-0.00384646,0.02026233,62418.38053,-0.00000959,-0.00218704,0.89880221,3443.89761,0,0.00000039,-5.66651655,35721.92863,0.0632272,-0.00944315,-0.15602128,-0.61055585,0.00690255,-31157.42938,0.15,-6.0333333,-0.06741282,0.01746492,-0.02589515,0,-0.45135191,0.00477272,0.00440024,0.00274775,-0.06962069,-0.01946813,-0.01936696,0,0.003423964,0.0041614,-0.74027439,-0.02557175,0.00005811,0.435368,0.00001387,-0.01811822,26937.22707,0.20713025,-0.15845833,-0.01796261,-0.0067466,-0.40541482,-0.02206813,2.00729572,0.20411059,-0.03750884,0.01403788,930.618,77.03711027,132.5193351,0.00000007,1.32714008,0.2042057,0.07712501,-0.00000002,3.55150798,24922.25287,-0.09,-1956.316242,1.08113131,-110398.9064,-0.00000004,0,0,0,0,0,0.04669529,-0.00262062,0.00943575,0.00000018,-0.00000339,0.0065709,1.78073494,0.00006776,-0.00755346,-0.06213129,0.00000465,0.18195452,-0.00005645,0.10436483,0.00304861,0.01516315,-0.00000192,-0.3213225,-0.00004788,0.21,-0.00003657,-0.00118716
2013,0.00005156,-1.40978324,-0.00000029,0.56284118,0.00000038,-0.00672216,-0.0000001,-0.0708284,-0.0034081,-0.0472827,-0.00000031,-0.00190543,0.01754094,0.00000017,0.0153808,0,-0.04,-671.5312032,3465.08,-5129.112202,17522.26,-9415.863551,25631.5,-519.42,3.19382,-0.10756153,-11997.54389,64725.92,23.41031,23.41031,7310.721691,-18044.13102,-0.00126137,0.09599043,20341.49944,0.00000727,0.0005928,0.984489,6469.076414,0,0.00000028,-0.8303282,-43162.3,0.100602,-0.0013356,0.28712201,-0.6849765,-0.02598465,-12521.30391,0.15,-1.9725,-0.01384255,-0.09687132,0.0048001,0,-0.0522025,0.0001423,-0.00209574,-0.00691808,0.14104813,-0.01931276,-0.018399,0,0.01079955,0.0098609,-2.724339,0.01262166,-0.00000147,0.877892,-0.00003435,0.04405687,21219.4538,0.06852581,-0.08175757,-0.02117746,-0.0213538,-0.45272134,-0.03165724,-1.39367857,-0.07158589,-0.00220827,-0.06633046,950.875,77.87066364,79.17030506,0.00000028,52.54643319,0.111783,-0.01273691,0.00000009,3.37387358,13910.045,0,522.76505,-0.99707398,-19158.75546,-0.00000004,0,0,0,0,0,0.07825804,-0.0033889,0.02589669,-0.00000017,0.00000251,-0.05009509,0.52810511,-0.00027237,-0.02600029,-0.01669198,0.00005013,0.32457655,0.00010107,0.09908367,0.00199795,-0.0169262,0.00000187,-0.077702,0.00000065,0.04,-0.00000142,-0.00371309
2014,-0.0000126,-3.12946259,0.00000126,0.57079608,-0.00000052,0.01123214,-0.0000003,0.07575,-0.0227529,-0.0131584,-0.00000013,-0.00217413,0.0421035,-0.00000003,0.0153808,0,0,-526.772477,277.26,-4111.635145,4525.4,-7608.82265,9968,-413.4226,3.19381,-0.1032212,-7664.724923,12379.48,5.133421,5.133421,6611.51868,11782.46732,-0.0025478,0.59781312,44567.12391,-0.00000727,0.00032661,0.520002,3449.507326,0,-0.00000023,0.88213145,4191.6,0.0357395,0.0019908,0.37162204,-0.38240803,-0.01229672,23639.50025,0.15,-0.4741667,0.05444071,-0.15216348,0.0010104,0.1,0.393365,0.0049064,-0.00108504,-0.00294178,-0.18343243,-0.01656082,-0.01668326,0,0.001626247,0.0021723,-1.12128,0.00858203,0.00003036,0.77303,-0.00000549,0.04206989,4152.308072,-0.07452739,-0.07192596,-0.00370644,-0.0081704,-0.15685238,-0.01340971,-0.3145859,0.00607791,-0.04945746,-0.07139582,961.298,78.68008184,33.42444534,-0.00000031,-27.11094262,0.058425,-0.0266625,0.00000002,3.82352466,14030.77854,0.07,-474.4822255,0.03143621,-13124.59143,0.00000001,0,0,0,0,0,0.09429011,-0.0010454,-0.00142127,0,0.00001243,0.02280986,0.30548749,0.00021209,-0.01456873,0.00463096,0.00001776,-0.12984366,-0.00002715,0.06319696,-0.00111874,-0.00407978,0.00004708,-1.815816,0.00005012,0.37,0.0000466,0.00794657
2015,0.00000393,-7.46852005,0.0000002,0.58024414,0,-0.02423985,-0.0000002,0.0445613,-0.0099569,-0.0474615,0,-0.00143069,0.02535122,0.00000007,0.0153808,0,-0.5,28.73747954,675.7,247.5669704,17463.3,442.6617244,24207.5,-84.87,-0.05171,-0.14551885,-567.8081045,20276.901,6.0835346,6.0835346,21478.88459,-19730.96834,-0.00640772,0,-47968.31272,-0.00000713,-0.00027656,0.638191,3829.708043,-0.5,0.00000079,-0.09477415,75314.4,-0.183856,-0.0017146,0.24816408,0.05890964,-0.02574853,-19135.88293,0.15,-0.0208333,-0.02576425,0.135174,-0.0072511,0.1,-1.9476416,0.0037457,-0.00476063,0.00124533,0.01273093,-0.02469565,-0.0245347,0,-8.21765E-05,-0.0022181,-1.00044,0.02007837,0.00000106,0,0.00001181,0.07836487,23401.03869,0.1312389,-0.03695366,-0.01669966,-0.0253106,-0.11157891,-0.0028137,-1.1281663,-0.13753593,-0.07604547,-0.20590005,963.282,79.51197733,-29.799876,0.00000057,-25.05046394,0.45036256,-0.22229851,0.00000007,3.85841285,27729.65458,-0.071,1417.739694,-0.49976217,63339.00753,0.00000005,0,0,0,0,0,0.02733631,0.001611,-0.0087849,0.00000008,0.00000586,0.06364646,0.0206026,0.00016688,-0.02819767,-0.00116648,0.00000453,-0.43372604,-0.00002863,0.13595477,0.00027954,-0.00823606,0.00001356,0,-0.00000585,-0.31,0.00000509,0.0031783
2016,-0.00005523,-2.9336229,0.00000004,0.57907545,0.00000006,-0.06066562,0.0000004,0.0467219,-0.0115648,-0.0123864,0.00000004,-0.00135417,0.00711826,-0.00000036,0.0153808,0,-0.01,-172.4751805,471.11,-1529.006333,7945.7,-2508.537764,-6088,-359.253175,-0.05172,-0.21304201,-786.4746613,-624.761,-0.1470566,-0.1470566,6853.479571,8220.644204,-0.00271887,1.06083616,100554.0525,-0.00000297,0.00224011,-0.16418,-5794.490576,0,0.00000022,1.99872015,44576.2,0.067928,-0.0035813,0.10259697,-0.46225708,0.00492306,21010.83914,-0.1,-0.2658334,0.05116562,0.24449688,0.0007958,-0.4,-0.67887,0.0016841,0.00251226,-0.00092598,0.1083852,-0.02126435,-0.02111149,0,-0.001211558,-0.0014917,-0.1575,-0.01571128,0.00000891,0.310724,0.00007484,0.05985511,6901.885322,-0.05815661,-0.10479584,0.00083991,-0.0092191,0.00457937,-0.01078925,-0.08476646,-0.00756468,-0.08233761,-0.00435086,963.522,-256.9258278,-71.35524903,-0.00000061,12.42300931,0.343946,-0.00842497,0.00000029,4.49928157,14701.43635,-0.03,-3758.508164,-0.08086587,-21619.99861,0.00000005,0,0,0,0,0,-0.03542689,0.0030126,-0.01428702,0.00000008,0.00000865,0.00297786,0.02679351,-0.00038423,0.00017677,0.04848474,-0.00004532,-0.08664742,0.00001203,0.10880393,0.01206242,-0.015576,0.00002038,1.950062,0.00004826,-0.11,-0.0000048,0.00505129
2017,0.00003653,-5.92466515,-0.00000015,0.58773508,0.00000005,-0.02448383,0.0000004,0.0144548,0.0020994,0.0296959,-0.00000022,-0.00157615,0.01827153,0.00000024,0.0153808,0,0.04,-715.3483163,1978.15,-5799.837795,4276.4,-10735.43825,36876.2,-113.285,-0.05172,-0.27228458,-1433.772516,-1849.421,-0.450504,-0.450504,-9896.523832,20144.39643,-0.00490617,1.47205424,77295.65528,0.00000623,-0.0000096,0.141349,-552.7922493,0.3,0.00000018,1.3952449,61576.5,-0.157263,-0.0037255,0.40119336,0.60470985,-0.00376431,18201.36454,-0.1125,-0.8775,0.0056815,0.10588269,0.0016051,0.4,-0.425846,-0.0069973,0.00273965,-0.0032924,0.11648209,-0.02014803,-0.01979151,0,0.003954856,0.0016019,0.2325,-0.03444512,0.00004183,0.4904464,-0.00006966,0.067665,1213.547477,0.02989652,-0.10302608,0.00366573,0.0108867,0.0208535,-0.00897639,-0.43321903,0.0053211,-0.02509682,0.00876377,960.484,-259.5494273,-57.017407,0.00000037,5.84181415,0.567625,0.17678975,0.00000018,4.30608596,4845.537751,-0.319,-1336.834609,-0.99630744,-22700.19694,0.00000005,0,0,0,0,0,-0.01254521,0.0016519,-0.00629564,-0.00000017,-0.00000994,-0.01872086,0.04548692,-0.00047571,-0.0017544,0.02929973,0.00007913,-0.93277414,-0.00000441,0.08309132,0.00764225,0.00571044,0.0000672,1.44448,-0.00001603,-0.13,-0.00002381,-0.00106608
2018,0.00001605,2.2581815,0.00000015,0.59349462,-0.00000032,-0.04706696,-0.000001,0.0837584,0.0037416,0,0.00000012,-0.00103264,0.06625444,-0.0000001,0.0153808,0,0,-699.8106804,3086.24,-5376.767554,16279.3,-9136.953168,6137.3,-271.367025,0,-0.1847715,-4838.962973,-9729.119,-1.885487,-1.885487,-7524.700002,-632.1364308,-0.00257713,-0.46623617,48236.21025,0.0000056,-0.00026769,0.143287,-126.4368867,0.01,0.00000033,1.15457685,50086.3,0.239495,-0.0041874,0.42821503,0.45764566,-0.00184257,6606.161299,-0.125,-1.0266663,0.02569614,0.00850915,-0.0007719,0,1.263952,-0.0011224,-0.00313919,-0.00391247,-0.16004763,-0.0144489,-0.01469224,0,0.003146477,0.003045,0.548432,-0.03198339,0.00001632,0.110627,0.00002539,0.0455501,11797.57867,0.00880825,-0.07721684,-0.00080629,0,0.01084122,-0.00695908,-1.17677014,0.01404013,0.00171782,0.02076088,945.454,-262.1542463,-64.3973348,-0.00000101,-20.16867815,0.286703,-0.15940441,-0.0000001,4.88387252,4305.830251,0.025,-319.8810575,-0.55163516,-95446.79854,-0.00000003,0,0,0,0,0,-0.07875026,0.0025333,-0.01546783,-0.00000021,0.00001253,-0.02310691,0.13808808,0.00013129,0.00161764,-0.03448323,0.00002937,0.67913724,0.00004899,0.0631043,0.0046986,-0.00149335,0.00001363,2.7422,0.00002111,-0.3,-0.00004143,0.0014375
2019,-0.00002773,4.37905568,-0.00000255,0.59636767,-0.00000174,-0.04038103,-0.0000003,-0.0060224,-0.0002821,0,0.00000053,-0.00257148,0.04600716,-0.00000016,0.0153808,0,-0.02,-450.2169263,4576.12,-3490.282019,36902.7,-5875.458224,59595.3,-3.851,0,-0.22661351,-2461.127317,6793.815,1.6569,1.6569,18305.71637,-51391.68918,-0.00490475,0.14642638,-13697.85407,0.00000606,0,0.097791,6597.745753,0,-0.00000059,-2.84973905,57096.1,-0.0860677,-0.0023108,0.00000191,0.00001824,-0.0074848,-52382.05297,-0.1375,-0.380834,0.0981384,0.03083945,-0.0036838,0.6,5.415255,0,0.00406496,-0.0003735,-0.07970167,-0.03062013,-0.03149709,0,-0.001179074,-0.0016288,1.013821,-0.01936349,-0.00002768,-0.169388,0.00002763,0.04610457,50196.82346,0.25054049,-0.11932684,-0.00185171,0,-0.0554664,0.00240553,-0.51995101,-0.00188816,-0.01197579,-0.01931883,916.209,-264.6606723,-80.30102609,0.00000026,-48.57824578,-0.39640131,-0.34351679,0.00000046,4.39387791,17687.07948,0.025,-1234.707099,2.02251618,-73305.09749,-0.00000003,0,0,0,0,0,-0.11525895,0.0016082,-0.03350776,0.00000011,-0.00000653,0.19723866,0.06343288,0.00006235,-0.00409332,-0.01114445,-0.00005454,0.22071668,-0.00004115,0.07301541,-0.00278013,-0.0109667,-0.00006416,-1.862212,-0.00009508,-0.1,0.00006117,0.00853136
2020,0.00000534,-0.00003815,-0.00000147,0.56058176,0.00000008,0.05123702,0,-0.0129728,0,0,0.00000093,-0.00000005,-0.07718252,0.00000001,0.0153808,0,-0.17,-118.2015031,1103.95,-916.3506143,8558.3,-1609.729384,29336.9,-473.3848,0,-0.35613258,0.00049029,-213.208,0,0,10754.35071,118976.9192,0.00013423,-0.15553612,-58613.92744,-0.00000194,0.00000202,0,-0.04707265,0.3,-0.00000016,-2.79790385,-253482.3,-0.0806469,0,0.00000112,-0.00005779,0.00494843,30862.52804,0.1,-0.265833,-0.03822852,-0.16111505,0,0.2,-2.947745,0,0.00691664,0.00297081,0.25014277,-0.02475829,-0.02475845,57.7441,-0.016930743,0.0061489,0.94,-0.00000002,-0.00000067,-2.595904,-0.00010227,0.03188105,-119996.2373,0.03843619,-0.29308482,0.00104705,0,0.00000034,0.09548711,0.0000033,0.00000062,-0.02527046,-0.00002646,876.78,-267.0728096,-87.88789325,0.00000451,3.7102596,0.38823045,-0.08885544,0.00000034,4.15173307,-0.04856849,-2533.918,-1531.310832,-0.26115573,10153.52989,-0.0000005,0,0,0,0,0,-0.18605169,0,-0.02044459,0.00000184,-0.00001013,0.00000686,0.05997081,-0.00215947,0.00000332,0.01089144,0.00007596,-2.94613329,0.00001178,0.11775845,-0.00000028,-0.03070996,-0.00000839,-2.96927,0.00004288,0.4,0.00003873,0.01017448
2021,0.00002272,-0.00002328,0.00000616,0.59634412,0.00000066,0.00032487,0.0000009,-0.0017408,0,0,0.00000212,-0.00000015,-0.00797344,0.00000008,0.0153809,0,-6.23,-69.84555377,1438.54,-541.9043333,11152.3,-964.1648664,24675.7,148.08066,0,-0.0718367,0.00248362,-485.469,0,0,-10871.9609,58976.78479,-0.00627162,0.51745133,-83108.33562,-0.00000835,-0.00000005,-0.0000008,0.05309436,0.8,-0.00000079,0.62488005,-15525.5,-0.0947952,0,-0.00003294,-0.00015231,-0.00409227,10912.39036,0,0.0000002,-0.03761374,-0.17414019,0,0.3,4.51475,0,-0.00034271,-0.00084661,-0.04321397,-0.01106448,-0.01106466,15.03695,-0.000896598,0.0023512,0,-0.00000036,0.00004069,-3.209593,0.00003467,0.02204624,-54153.54368,0.05078648,-0.0281789,0.004865,0,0.00000134,0.05755386,-0.00000857,0.00000095,-0.01366878,0.00003586,830.526861,-240.7839487,-90.08792888,-0.00000028,0.07953542,-0.21814068,0.01346094,0.00000038,4.14608514,-0.53768406,-2838.347,2582.039509,-1.76935345,3742.932739,-0.00000001,0,0,0,0,0,-0.2054975,0,-0.01676087,-0.00000075,0.0000103,-0.00000316,0.06192115,-0.00258784,-0.00000016,0.00689359,0.00003515,-3.07945699,0.00004491,0.01469706,-0.00000453,-0.04039799,0.00002949,3.08758,-0.00003554,-0.2,-0.00006184,-0.00759886
2022,-0.00001483,0.00000623,0.00000071,0.60604425,0.00000168,0.00070401,-0.0000035,-0.046608,0,0,0.00000269,0.00000007,-0.00821274,0.00000014,0.0153808,0,-1.57,-1397.42099,3056.12,-10833.45909,23692.2,-19535.82283,47662.1,55.392937,0,-0.12926267,0.00146387,-510.7,0,0,5328.693549,-8423.905168,-0.0050431,-0.82076291,-25361.91419,0.00001355,0.00000027,-0.0000034,-0.85030577,-0.4,0.00000025,0.28154985,49794.3,-0.0817505,0,0.00002059,0.00016879,-0.00334163,-581.0679464,0,0,0.07347516,-0.47482,0,0.4,-6.094555,0,0.00442409,0.00811154,-0.00775389,-0.02138028,-0.02138012,0,-0.001262418,0.0027372,0,-0.00000511,0.0000842,1.482096,0.00005214,0.0520873,23350.34452,0.06019482,-0.05623398,-0.00357288,0,-0.00000021,0.03980367,0.00000215,0.00000294,-0.00729338,-0.00000935,784.9890741,-242.7039944,-90.21253726,-0.00000123,-0.63147336,-0.04918278,-0.04074604,-0.00000027,4.12947423,0.01545502,-3049.276,-7794.070875,1.00823809,-19788.50772,-0.00000012,0,0,0,0,0,-0.11306403,0,-0.01318181,0.00000076,-0.00000057,0.00000021,0.06181887,0.00013132,-0.00000527,0.01979597,0.00007791,-1.99155894,-0.00007478,0.02429541,0.00000474,0.00674128,0.00004272,1.252458,0.00005023,-0.1,0.00004442,0.01254657
2023,-0.00007799,-0.00000533,0.00000173,0.60718591,0.00000245,0.00085055,-0.0000029,-0.0017088,0,0,0.00000315,0.00000003,-0.00492859,-0.00000006,0.0153808,0,-3.78,-1584.975404,3538.75,-12287.43107,27434,-22433.27443,55426.4,35.18162465,0,-0.13208946,0.00013483,-545.092,0,0,6128.721556,-5732.908809,-0.00460519,-2.38233546,1572.878511,-0.00001026,0.00000031,0.0000054,0.94279473,0.2,-0.00000032,0.22003175,38847.6,-0.119142,0,-0.00000202,-0.00001968,-0.00021804,-5509.862716,0,-0.0000002,0.07000056,-0.22848778,0,0.1,7.544684,0,0.0029703,0.00004228,-0.00759654,-0.02336308,-0.0233631,0,-0.001542287,0.003053,-0.000001,0.00000527,-0.00005957,-2.850406,-0.00008028,0.05025625,23455.722,0.06370069,-0.05936699,0.00053868,0,0.00000165,0.0274474,0.00000056,-0.00000262,-0.00717247,0.00000532,745.3711754,-244.5296766,-139.8655641,-0.00000018,-1.35971498,0.74545312,-0.04325071,0.0000002,4.08712908,1.13299779,-3283.608,-66.31169268,0.57774597,-27038.60396,-0.00000015,0,0,0,0,0,-0.27905668,0,-0.00901113,-0.00000062,-0.0000026,0.00000068,0.05880708,0.00022828,0.00000045,-0.00187696,-0.00012319,2.97381429,0.00006744,0.03191996,-0.00000023,0.00722869,-0.00001515,0.486285,-0.00003921,0.2,-0.00006493,0.01283726
2024,0.00016257,0.00000801,-0.00000227,0.6093412,0.00000289,0.00091406,-0.0000023,0.022272,0,0,0.00000261,0.00000006,-0.00406282,-0.00000003,0.0153808,0,-6.04,-1898.663827,4107.7,-14719.25224,31844.8,-27196.79857,64680.7,43.35255642,0,-0.13331068,0.00130587,-585.978,0,0,7703.243114,-4322.463722,-0.00447001,3.64231967,4650.478584,0.00000181,0.00000018,-0.0000056,-0.01518652,0.9,-0.00000015,0.2791802,76327.5,-0.080548,0,-0.00000665,-0.00009899,0.00081124,-7749.222984,-0.0000005,0.0000003,0.02800931,-0.53579026,0,0.7,0.587808,0,-0.00649108,0.00430755,-0.0075721,-0.02267707,-0.02267691,0,-0.001647011,0.0033274,0.0000015,-0.0000046,-0.00014132,6.194085,0.00001873,0.03268926,25154.41821,0.06484575,-0.06039198,0.00037226,0,-0.000001,0.0034691,0.00000002,-0.00000144,-0.00728854,-0.00000313,715.7531932,-246.3001376,-175.5730798,0.00000003,-1.77150684,0.04117371,-0.0442346,-0.00000051,4.03486262,-0.38636377,-3534.343,-63.59162429,0.26722197,-17868.55777,0.00000011,0,0,0,0,0,-0.20080803,0,-0.00509187,-0.0000005,0.00000002,0.0000015,0.05605482,-0.0000009,0.00000428,-0.00312159,0.00009124,-4.32181694,-0.00007007,0.01815135,-0.00000238,0.0114991,-0.00005715,2.911725,0.00003258,0.3,0.00006574,0.0107167
2025,0.00008333,-0.00000836,0.00000057,0.61084818,0.00000284,0.0012139,-0.000005,-0.0287168,0,0,-0.00000261,-0.0000001,-0.00157918,0.00000013,0.0153808,0,-7.41,-2032.369049,4500.73,-15755.82654,34891.6,-29452.99682,71676.8,58.52081991,0,-0.1311017,0.00419924,-662.348,0,0,8016.5782,2322.425014,-0.00441137,2.18413985,23617.9843,-0.00000851,0.00000058,0.0000044,-0.76833276,0.2,0.00000142,0.3626265,87662.5,-0.191473,0,0.00000184,0.0000507,0.00174341,-8667.475577,0.0000006,-0.0000003,0.03436458,-0.0555774,0,0.1,-0.597285,0,0.00626654,0.00137792,-0.00743416,-0.02233172,-0.02233182,0,-0.001681294,0.0035556,-0.0000015,-0.00000045,-0.00004884,4.018095,0.00001875,0.03182692,19598.46838,0.06452187,-0.05797484,0.00006378,0,0.00000039,0.00037637,0.00000089,-0.00000024,-0.00739692,-0.00000539,692.9851469,-247.9609705,-174.7328605,0.00000137,-2.15680162,1.69430609,-0.04184775,0.00000012,3.97628173,-1.17215592,-3814.108,-52.06789962,1.23333902,-18233.01824,0.00000007,0,0,0,0,0,-0.26895258,0,-0.00188675,0.00000047,-0.0000055,-0.0000004,0.05354881,-0.00088056,0.00000018,-0.00495513,0.00002291,-3.80694705,0.0000405,0.01887355,-0.00000124,0.00941908,0.00019195,1.73476,-0.00001022,-0.5,-0.00004506,0.00923724
2026,-0.00016423,0.00000104,-0.00000065,0.61387037,0.00000224,0.00118913,-0.0000023,-0.0793312,0,0,-0.0000028,0.00000001,-0.00031152,-0.00000028,0.0153808,0,3.29,-2251.691673,4998.88,-17456.21102,38753.4,-32958.68588,79410.7,79.23549543,0,-0.13491722,0.00090382,-712.77,0,0,8585.217139,2841.010051,-0.00441122,-3.37295103,26431.46315,-0.00001089,0.00000055,-0.000005,0.80070281,-0.5,0.00000006,0.30499715,94642.8,-0.203542,0,0.00000083,-0.0000074,0.00202898,-9452.927148,0.0000001,-0.0000003,0.03373829,-0.50317298,0,0,-0.804024,0,0.00093517,-0.0023052,-0.00752941,-0.02180862,-0.02180831,0,-0.001671543,0.0037845,0.0000005,0.00000555,-0.00000556,-6.498903,-0.00000411,0.03081392,21757.32651,0.06425571,-0.0616353,0.00002533,0,-0.00000022,-0.00068986,0.0000141,0.0000005,-0.00755457,-0.00000578,672.0870416,-172.9100038,-174.3149318,-0.00000066,-2.52942697,1.4605545,-0.04550042,-0.00000022,3.92569272,2.20299737,-4119.916,-48.2225669,-2.29556643,-19147.41548,-0.00000007,0,0,0,0,0,-0.35930445,0,0.00072366,-0.00000138,0.00000208,-0.0000003,0.05134341,0.00054883,-0.00000395,-0.00417619,-0.00021961,3.78956229,-0.0000839,0.01955048,-0.00000016,0.00937183,-0.000048,-5.7985,-0.0000059,0.4,0.00006024,0.00739487
2027,-0.0001673,0.00000546,-0.00000011,0.62042267,0.00000225,0.00076557,-0.0000032,0.052432,0,0,-0.00000357,-0.00000017,-0.0058805,-0.00000025,0.0153808,0,0.04,-1778.836353,4460.3,-13790.02663,34578.4,-26290.19358,72747.8,0.00718167,0,-0.14024661,0.00097021,-663.29,0,0,0.59149949,-3998.540951,-0.00346497,2.17847274,-46307.55844,0.00001845,-0.00000075,0.0000054,0.03180457,0.4,-0.00000135,0.00000015,48491.8,-0.23665,0,-0.00000119,-0.0000216,-0.00792355,3991.333175,0.0000002,0,0.01809399,-0.2816919,0,0.2,3.224757,0,0.00551555,-0.00641345,-0.00817537,-0.0217675,-0.0217674,0,-0.001663859,0.0062995,0,-0.00000081,-0.00004168,-3.17168,-0.00010989,0.01906867,30817.57755,0.05560921,-0.0668009,0.0000142,0,0.00000206,-0.00715168,-0.00001404,0.00000116,-0.00781012,0.00000262,647.4888667,-174.0529393,-134.0109888,0.00000055,-0.00053973,-2.2970186,-0.0506953,-0.00000028,3.93595758,-0.5506609,-0.627,-0.00020223,-0.45708645,20823.2418,0.00000037,0,0,0,0,0,-0.36669702,0,0.00340288,0.00000082,-0.00000112,-0.00000049,0.04885681,-0.00236442,-0.0000009,-0.00409503,-0.00021405,5.45020261,-0.00014637,0.00610146,0.00000164,-0.00000692,-0.00031534,-0.638528,0.00006205,-5,-0.00002307,0.0005175
2028,0.00017864,-0.00000577,0.00000071,0.61758849,-0.00000075,0.00054017,0.0000009,0.0171968,0,0,-0.00000045,-0.00000018,-0.00599944,0.00000007,0.0153808,0,-0.26,-1902.087286,4796.33,-14745.29751,37183.2,-28375.61361,78821.1,0.08233611,0,-0.13863574,0.00291181,-663.27,0,0,-0.40615972,-4167.825511,-0.0032936,1.5317638,-47271.58078,-0.0000117,0.00000055,-0.0000016,-0.54906573,0.2,0.00000029,0.0000003,52144.9,-0.194995,0,0.00000076,0.00001194,-0.00315993,4170.398514,-0.00000025,0,0.00696892,0.23731061,0,0.2,0.242004,0,0.00145423,-0.00742137,-0.0073673,-0.02278777,-0.02278803,0,-0.002016325,0.004137,0.000001,-0.00000289,0.00009436,1.60986,-0.00033505,0.0161904,31912.06814,0.05489516,-0.06504644,-0.00016481,0,-0.00000193,-0.00804949,0.00001581,0.00000234,-0.00803919,-0.00001741,617.7906082,-175.0631328,-117.1527939,0.00000013,0.00078952,1.3493702,-0.04897864,-0.00000004,3.92064198,-1.48282196,-0.75,-0.00328335,1.08097743,20679.22599,-0.00000011,0,0,0,0,0,-0.37332625,0.0001825,0.0054882,-0.00000061,-0.0000003,-0.0000046,0.04676243,-0.00076048,0.00000004,0.00037435,0.00030359,-1.79146509,0.00023397,0.00585995,0.00000022,0.00000465,0.00017364,-5.713,-0.00004389,1.2,-0.00003474,0.00046654
2029,-0.00002647,0.00000227,0.00000035,0.61736353,0.00000167,0.00036425,0.0000018,-0.0306336,0,0,-0.00000087,0.00000021,-0.00543349,0.00000014,0.0153808,0,-0.38,-2030.955344,5115.8,-15744.52878,39660,-30570.17681,84664.6,-0.01038074,0,-0.13861193,0.00333619,-664.65,0,0,0.11293811,-4298.297585,-0.00312914,1.52592104,-48290.60003,-0.00001915,0.00000064,-0.000001,0.09364917,0.3,0.00000064,-0.00000025,55618.2,-0.209563,0,-0.00000062,-0.00000974,-0.00232729,4300.603189,0.00000005,0,0.00382177,-0.90314256,0,0,-3.893041,0,0.00799674,0.00556074,-0.00701936,-0.02094318,-0.02094309,0,-0.002204527,0.0027168,-0.000001,-0.00000188,0.0000546,11.4951,-0.00003773,0.01413544,31428.63876,0.05361637,-0.06489399,-0.0001187,0,-0.00001487,-0.00787536,-0.0000167,-0.00001122,-0.0082701,-0.00002068,581.0922463,-176.0302158,-132.1373819,-0.00000126,-0.00065894,2.5472373,-0.04884518,-0.00000067,3.89731314,-0.20268987,-0.126,-0.00004668,1.09241811,17099.49282,-0.00000016,0,0,0,0,0,-0.30298267,0.00049,0.00710361,0.00000063,-0.00000928,0.00000103,0.04489438,-0.00089508,0.00000112,0.00036902,0.00002249,-2.50149497,0.00008357,0.00551238,-0.00000212,-0.00000062,0.00024511,-11.2286,-0.00015653,1.3,-0.0000009,0.00044292
2030,0.00020169,0.0000012,-0.00000051,0.61813153,0.00000026,0.00021142,-0.0000017,0.045712,0,0,-0.00000105,0.00000006,-0.00494771,0.00000016,0.0153809,0,1.25,-2165.415719,5436.82,-16786.85613,42148.7,-32873.87057,90537.1,0.0023028,0,-0.13881184,0.00320174,-664.5,0,0,0.46981538,-4414.289253,-0.00297375,-1.50925011,-49389.84267,-0.00000239,0.00000001,-0.0000006,-0.13161631,0,-0.00000055,-0.00000045,59108.1,-0.246126,0,0.00000014,0.00000305,-0.00201607,4412.600725,-0.00000005,0,0.00255038,-0.06899568,0,0.5,-0.477031,0,-0.00204437,0.00577014,-0.00685619,-0.01997287,-0.01997317,0,-0.002331735,0.0017842,0.000001,0.00000092,-0.00005738,11.73066,-0.00022777,0.01245122,30666.70738,0.05221184,-0.06497979,-0.00009992,0,0.00001917,-0.00802434,0.00000113,0.00002711,-0.0085072,0.00002967,539.6937676,-176.9715043,-114.7246539,-0.00000158,-0.00028141,0.4728931,-0.04894663,0.00000012,3.87249651,0.27400875,0.045,0.00035619,-1.31306725,15064.05577,-0.00000014,0,0,0,0,0,-0.60601917,0.0007538,0.00835728,-0.00000072,0.00000301,0.00000396,0.04316841,-0.00089926,-0.00000077,0.00036912,0.00014763,-2.76624251,0.00015659,0.00515586,0.00000015,-0.00000235,0.0001444,-2.61196,0.00018502,0.4,0.00002135,0.00042718
2031,0.00018419,-0.00000129,-0.00000052,0.62135307,0.0000007,0.00017336,-0.0000006,0.0304544,0,0,-0.0000002,-0.00000034,-0.00403374,0.00000016,0.0153808,0,0.27,-2309.482558,5883.76,-17903.73581,45613.4,-35275.86564,96210,0.00314336,0,-0.13759817,0.00325064,-683.76,0,0,-0.20110776,-4669.129875,-0.00282593,0.66732181,-50516.44122,-0.00000598,-0.00000049,0.0000026,0.03480589,-0.3,0.00000048,0.00000025,63967.3,-0.167941,0,-0.00000055,-0.00001251,-0.00208832,4666.865171,-0.0000003,0,0.00266635,-0.68113877,0,0,4.838882,0,0.00177032,-0.00648571,-0.00708723,-0.01934924,-0.01934875,0,-0.002438286,0.0011718,-0.000001,0.00000051,0.00006552,0.21365,-0.00044938,0.00996054,31612.26621,0.05241643,-0.06366084,-0.00008314,0,0.00000538,-0.00760168,-0.00001623,0.00000364,-0.00871839,-0.00001318,497.1951689,-68.39782356,-92.14119254,0.00000297,-0.00071467,1.472521,-0.04764967,-0.00000031,3.8605006,-0.21904874,0.622,-0.00141771,6.07422404,14148.41846,0.00000021,0,0,0,0,0,-0.12962588,0.0009109,0.00939216,-0.00000059,-0.0000006,0.00000065,0.0416136,0.00182073,-0.00000051,0.00037202,0.00024346,-6.3264883,-0.00023902,0.00530673,-0.00000054,-0.00000272,0.00019427,-11.3609,-0.00016836,4.6,-0.00011778,0.0004288
2032,-0.0001536,0.00000071,0.00000041,0.62268353,0.00000143,0.00008708,-0.0000019,-0.003456,0,0,0.00000114,0.00000017,-0.00399913,0.00000011,0.0153808,0,0.84,-2458.542797,6198.16,-19059.34032,48051,-37769.69266,101693,-0.00097496,0,-0.13860971,0.00404225,-690.92,0,0,-0.19047902,-4736.720664,-0.00268538,-8.05602602,-51651.7647,-0.00000681,0.00000047,-0.0000024,-0.06530224,0.4,-0.00000003,-0.0000001,67385.4,-0.26975,0,0.00000076,0.00001384,-0.00225034,4736.995409,0,0,0.00436386,-0.92621705,0,0,-7.605199,0,-0.00111659,-0.00109802,-0.00700885,-0.01949394,-0.01949414,0,-0.002551236,0.0007695,0.000001,0.00000036,0.00018928,-8.36148,-0.00053725,0.0085364,32107.54825,0.05050693,-0.06459475,-0.00008373,0,-0.00000462,-0.00814791,0.0000059,-0.00000649,-0.00895214,0.00001223,457.4964584,-68.67397698,-71.30293934,-0.00000262,-0.00025567,1.8580626,-0.04857758,0.00000046,3.85276351,-0.24762828,0.236,0.00208994,-2.89661829,13033.21135,-0.00000014,0,0,0,0,0,-0.70340574,0.0009213,0.01017587,0.00000192,-0.00000858,-0.00000146,0.03999754,0.00046246,0.00000036,0.0003721,0.00009647,-1.57251653,-0.00005421,0.00478087,-0.00000082,-0.0000025,0.00025328,-7.56832,0.00009908,3.7,0.00015365,0.00042246
2033,0.00008036,0.00000044,0.00000071,0.62444311,-0.00000176,0.00001679,-0.0000003,-0.32752,0,0,0.00000192,0.00000019,-0.00407825,0.00000015,0.0153808,0,-0.14,-2614.849425,6588.91,-20271.16744,51080.2,-40387.14998,108382,-0.00044453,0,-0.1386338,0.00883006,-698.79,0,0,0.07799727,-4881.848005,-0.00255181,-2.06759054,-52743.12846,0.00000676,0.00000009,0.0000002,0.22404613,-0.1,0.00000064,-0.00000005,71633.7,-0.2968,0,-0.00000024,-0.00000359,-0.00224229,4878.750347,0,0,0.00451976,0.03514526,0,0,2.096132,0,-0.00191438,-0.00492423,-0.00699343,-0.01906485,-0.01906492,0,-0.0026772,0.0005053,0,0.00000117,0.00000311,-1.0703,-0.00011369,0.00671059,34229.46171,0.04951348,-0.06455498,-0.00007273,0,0.00000053,-0.00838151,0.00001198,0.00001268,-0.00919008,0.00000797,421.7976469,-69.02144749,-58.63218681,-0.00000062,-0.00062889,4.7224104,-0.04857653,-0.00000004,3.8468668,0.26204051,-0.31,-0.00005426,2.86110327,12166.99491,-0.00000011,0,0,0,0,0,-0.4368107,0.0008426,0.01082577,-0.00000054,0.0000052,-0.00000384,0.03845393,-0.00089067,-0.00000039,0.00037303,0.00011801,7.35562488,0.00008802,0.00455501,0.0000043,-0.00000277,0.00020474,1.1716,0.0002281,-1.3,-0.00012057,0.00040894
2034,0.00023488,-0.00000131,0.00000027,0.62629016,0.00000079,-0.00004068,-0.0000034,0.399296,0,0,-0.00000039,0.00000002,-0.00418588,0.00000009,0.0153808,0,0.09,-2778.988344,7004.82,-21543.55138,54304.3,-43140.69908,115532,-0.00353961,0,-0.13864492,0.00758579,-707.35,0,0,-0.34127592,-5036.362469,-0.00242483,8.47076357,-53858.75076,0.00001029,0.00000029,0.000001,-0.50728254,-0.2,-0.00000006,0.00000045,76155.6,-0.269282,0,-0.0000003,-0.00001263,-0.00224075,5039.650942,0.0000002,0,0.00503746,-0.30526363,0,-1,-1.273952,0,0.00422606,-0.00023577,-0.00697938,-0.01878635,-0.01878624,0,-0.002803692,0.0003319,-0.000001,0.00000008,-0.00007135,12.2029,-0.00016458,0.00484755,36432.79408,0.04864037,-0.06451496,-0.00006492,0,-0.00000831,-0.00858362,0.00001132,-0.00000115,-0.00943169,-0.0000105,391.5987505,-69.24204273,-62.29987258,-0.00000066,-0.0007233,0.1225881,-0.04857844,0.00000046,3.84271733,-0.34787209,-0.327,-0.00310232,-1.90092154,11323.4179,-0.00000001,0,0,0,0,0,-0.66187907,0.0007792,0.01133368,-0.00000081,0.00000365,0.00000326,0.03698696,-0.00155467,0.00000017,0.00037657,0.00018684,-2.24116356,0.00007233,0.00436972,-0.00000013,-0.00000278,0.00015657,-2.81376,-0.00021301,0.9,0.00023044,0.00040397
2035,-0.0002188,0.0000013,0.00000075,0.62817204,0.00000066,-0.00009487,0.000002,-0.662304,0,0,0.00000005,-0.00000036,-0.00425383,0.00000004,0.0153808,0,0.1,-2951.305032,7445.51,-22880.37517,57720.2,-46038.74677,123142,0.00401336,0,-0.13875916,0.00400805,-714.55,0,0,0.24407373,-5199.878313,-0.00230422,-2.60623268,-54913.27335,-0.00000803,0.00000038,-0.0000026,0.49128587,0.6,-0.00000029,0,80944,-0.330038,0,0.00000028,0.00001488,-0.00224129,5199.637651,-0.0000005,0,0.00560878,-1.01460023,0,1,3.305168,0,-0.00091966,0.00024747,-0.0069614,-0.01854826,-0.01854859,0,-0.002931107,0.0002179,0,-0.00000123,0.00017911,-0.05568,-0.0002267,0.00295577,38793.49144,0.04785011,-0.06458761,-0.00005819,0,0.00000547,-0.00874902,-0.00000071,0.00001891,-0.0096813,-0.00000822,365.999782,-69.42598234,-71.47431191,0.00000022,-0.00012613,0.1996052,-0.04870236,0.00000043,3.83996949,0.11616705,0.723,0.00003302,1.67960086,10562.45376,-0.00000073,0,0,0,0,0,-0.61342054,0.0007213,0.01176403,0.00000052,0.00000979,0.00000094,0.03560961,-0.00031757,0.00000143,0.00037703,0.00001649,1.66268329,0.00003513,0.00420651,-0.00000262,0.00000149,0.00004579,-8.67824,-0.00003235,1,-0.00004117,0.00039962
2036,0.00008824,0.00000015,0.00000042,0.62841751,0.00000115,-0.00018267,-0.0000009,0.669792,0,0,0.00000134,0.00000035,-0.00422136,0.00000008,0.0153813,0,0.1,-3127.872872,7742.2,-24246.8859,60022.1,-49104.51662,131772,-0.0023303,0,-0.13945755,0.00184594,-708.81,0,0,-0.40473342,-5186.25886,-0.00218948,-0.87191174,-55951.45406,-0.00000049,-0.00000017,0.0000028,-0.07128573,0.4,-0.00000019,-0.0000003,84175,-0.360276,0,-0.0000002,-0.00000127,-0.00219347,5189.831547,0.0000001,0,0.00560928,-0.33788149,0,0,-2.82498101,0,-0.00103232,-0.00218488,-0.00668503,-0.01833456,-0.01833435,0,-0.003059485,0.0001432,0,0.00000081,-0.00005495,2.55834,-0.00046148,0.00184564,39602.80836,0.04557432,-0.06525417,-0.00005152,0,-0.00000932,-0.00962085,-0.00000645,-0.00006418,-0.0099566,0.00000697,341.8007451,-181.6750885,-78.58728697,0.00000318,-0.00017279,-2.8366451,-0.04943926,-0.00000014,3.82840295,0.32158791,-0.966,-0.00031099,-2.39186318,9565.44999,-0.00000037,0,0,0,0,0,-0.94702185,0.0006673,0.01211294,-0.0000002,0.00000111,0.00000195,0.03417869,-0.00049064,-0.00000019,0.00037669,0.00004038,0.38535588,-0.00008979,0.0035968,-0.00000007,-0.00000017,0.00022763,-5.15552,0.00015263,3.3,-0.00016847,0.00038017
2037,-0.00009163,0.00000356,-0.00000453,0.63034487,0.00000103,-0.00021802,-0.0000017,0.153152,0,0,0.00000302,-0.00000012,-0.00391423,0.00000014,0.01538,0,0.3,-3314.898586,8291.4,-25697.29284,64277.8,-52367.66971,141637,-0.00474508,0,-0.13870521,0.00432841,-715.89,0,0,0.30195272,-5439.14099,-0.00208045,6.30421466,-56977.33762,-0.00000494,-0.00000065,-0.000002,0.19303082,0.3,0.00000038,0.0000003,90140,-0.404127,0,-0.00000006,-0.00000581,-0.00193015,5431.647258,0.00000065,0,0.00445871,-1.29924493,0,0,-1.5008,0,0.0004555,0.00040743,-0.00668788,-0.01763914,-0.01763932,0,-0.003185188,0.000094,0,-0.00000109,0.00033649,3.16701,0.00005021,-0.00001845,42431.5852,0.04561586,-0.06447703,-0.00003568,0,0.00001023,-0.00953072,0.00000433,-0.00001794,-0.01021735,0.00003176,318.1016413,-182.2543081,-95.47520308,0.00000063,-0.00053151,1.7863283,-0.04874222,0.00000007,3.81506849,-1.3652935,-0.417,0.00234754,1.31062911,8964.916064,0.00000035,0,0,0,0,0,-0.65395278,0.0006512,0.01238649,-0.00000052,0.00000665,-0.00000755,0.03290094,-0.0011427,-0.00000083,0.0003808,0.0000957,9.43106744,0.00004322,0.00362945,0.00000122,-0.00000524,0.00033273,-10.53437,0.00007833,-7.6,0.00023311,0.00037677
2038,0.00000773,-0.00000591,-0.00000013,0.63209262,0.00000133,-0.00025191,0.0000007,-0.096224,0,0,-0.00000179,0.00000004,-0.0037412,0.00000013,0.015381,0,-0.2,-3511.544492,8785.7,-27223.87469,68111.4,-55812.63884,150767,-0.00367602,0,-0.13875616,0.01073845,-721.9,0,0,-0.30601238,-5599.563315,-0.00197686,-10.34984552,-58006.65191,0.00001208,0.00000004,0.0000004,-0.00911532,-0.3,0.00000049,0.0000002,95519,-0.333682,0,0.00000023,0.00000545,-0.0019118,5602.096197,0.00000005,0,0.00509017,1.23171396,0,-1,7.145455,0,0.00443844,0.00163277,-0.00665664,-0.0174841,-0.01748383,0,-0.00329287,0.0000617,0.000001,0.00000097,0.00024554,-3.1556,-0.00035384,-0.00164721,43956.40667,0.04491722,-0.06450211,-0.00002972,0,-0.0000145,-0.00965295,-0.00001599,0.00005178,-0.01048627,-0.00004516,297.1024785,-182.7014857,-120.589388,-0.00000062,-0.00083791,4.1661516,-0.04884075,0.00000057,3.80267126,3.16656231,-0.192,0.00093509,0.87294231,8308.415768,0.00000027,0,0,0,0,0,-0.76695351,0.0006692,0.01259233,0.00000032,-0.00000433,0.00000416,0.03165866,-0.00105839,-0.00000027,0.00038282,0.00075218,0.95859138,0.00005423,0.00349533,-0.00000133,-0.00000134,-0.00014933,-19.45448,-0.00028589,11,-0.00033823,0.00037278
2039,-0.00004054,0.00000253,0.00000131,0.63384469,0.00000028,-0.0002819,-0.0000018,0.655296,0,0,-0.00000149,-0.00000025,-0.00362087,0.0000001,0.015381,0,0,-3718.057874,9308,-28823.37219,72159.4,-59439.57066,160464,0.0015028,0,-0.13874187,0.002936,-727.71,0,0,0.26125867,-5771.96446,-0.00187843,2.53435274,-58950.94319,-0.00001893,-0.00000019,0.000002,0.40976524,0,-0.0000003,-0.00000065,101193,-0.356828,0,-0.00000011,-0.00000441,-0.00188681,5771.389047,-0.00000055,0,0.00549961,-0.69375202,0,0,-8.236552,0,-0.00497484,-0.00145198,-0.00662081,-0.0172852,-0.01728529,0,-0.003399989,0.0000405,-0.000001,-0.00000137,0.0002737,-0.12572,-0.00024503,-0.00325646,46044.48584,0.04428034,-0.06446928,-0.00002437,0,0.00000223,-0.00978297,-0.00001417,-0.00000151,-0.01076322,0.00005449,279.4032656,-183.2092489,-149.0655029,-0.00000079,-0.00040373,-0.2264107,-0.04889216,0.00000028,3.79102554,-1.0365799,-0.282,0.0000277,-7.4174304,7786.436737,0.00000049,0,0,0,0,0,-1.4402274,0.0006569,0.01276811,-0.00000054,0.00001115,0.00000202,0.03048684,-0.00178114,0.00000048,0.00038637,0.000467,0.03682352,-0.00029661,0.00337777,-0.0000006,-0.00000165,0.00069692,-5.45225,0.00029277,-6.8,0.00024567,0.00036459
2040,-0.00002317,-0.00000362,0.00000458,0.63561027,0.00000113,-0.00030145,0.0000026,0.547968,0,0,0.00000042,0.00000008,-0.00353012,0,0.015381,0,1.1,-3935.154802,9859.2,-30504.42962,76433,-63262.51977,170761,0.00221666,0,-0.13859266,0.0093852,-735.99,0,0,0.11344295,-5954.424539,-0.00178486,4.57791874,-59971.83752,0.00000618,0.00000034,-0.0000022,-0.99906483,0,0.00000083,0.00000035,107189,-0.397839,0,0.00000017,0.00000257,-0.00186006,5955.999022,0.00000035,0,0.00596086,-1.31921651,0,0,4.65966,0,-0.00134354,0.00278742,-0.00658404,-0.01709587,-0.01709597,0,-0.003506184,0.0000267,0.000001,0.00000024,0.00047157,8.42568,-0.00020499,-0.00484725,48479.19021,0.04369563,-0.06430982,-0.00001925,0,0.00001105,-0.00990724,0.00000785,-0.00005933,-0.01104332,-0.00007758,264.0040093,-183.6519215,-164.7443705,0.00000076,-0.00030003,-4.3633194,-0.04881176,0.00000025,3.77997507,-1.35902134,-0.699,-0.0010795,4.17890544,7305.998389,0.0000001,0,0,0,0,0,-0.57946874,0.0006335,0.01290931,-0.00000037,0.00000778,-0.00000218,0.02932675,0.00082626,0.0000001,0.00038645,-0.00016999,1.53023779,0.00009525,0.00326654,-0.00000122,-0.00000222,0.00032253,5.5708,-0.00000968,-10.2,-0.00024087,0.00036126
2041,0.00010474,0.00000136,-0.00000532,0.63559617,0.0000019,-0.00035261,-0.0000004,0.201152,0,0,0.00000013,0,-0.00323315,0.00000007,0.015381,0,-0.5,-4158.069866,10243.7,-32232.24421,79413,-67318.40257,182259,0.00199747,0,-0.13925662,0.01072299,-728.71,0,0,0.19999564,-5953.800658,-0.00169593,5.20093978,-60869.76178,-0.00000333,0.0000004,0.0000002,0.50692112,1,-0.00000108,-0.0000004,111367,-0.450007,0,-0.00000007,0.00000129,-0.00161359,5956.41132,-0.0000004,0,0.00592181,-1.05571525,0,0,1.516311,0,0.0030696,-0.00047555,-0.00626359,-0.01692219,-0.01692202,0,-0.003611445,0.0000175,0,0.00000123,-0.00026788,4.9536,-0.00026767,-0.00502818,49224.41259,0.04187934,-0.06496649,-0.00001556,0,0.00000178,-0.01061891,-0.00000656,0.00004157,-0.01135498,0.00003992,250.0047136,-276.0566826,-171.6098152,0.00000134,-0.00028063,-1.34309811,-0.04956221,-0.00000003,3.75905026,-0.69356277,-0.233,0.000907,5.38549123,6610.481431,-0.0000001,0,0,0,0,0,-0.45054126,0.0006059,0.01298688,0.0000011,-0.00001123,-0.00000115,0.02820257,-0.00121238,-0.00000068,0.00039084,0.0005598,-9.56806362,0.00001944,0.00257092,0.00000118,0.00000081,0.00007675,-15.97264,-0.00010826,-5,0.00012979,0.0003435
2042,0.00020751,0.00000309,-0.00000589,0.63757651,0.00000076,-0.00037185,-0.0000008,0.330112,0,0,0.00000001,0.00000014,-0.00292967,0.00000006,0.01538,0,-2.6,-4394.101651,10922.7,-34064.30243,84678,-71629.63513,195360,-0.00558735,0,-0.13860467,0.0080251,-733.45,0,0,-0.20764255,-6219.896214,-0.00161135,-9.46375276,-61819.21299,-0.00000151,0.00000027,0.0000022,-0.82622996,-3,-0.00000019,0,118751,-0.467861,0,-0.00000005,-0.00000242,-0.00146483,6216.178389,0.00000015,0,0.00507329,-1.2218391,0,0,-0.717716,0,-0.0028845,0.00375262,-0.0062771,-0.01622272,-0.01622287,0,-0.003699442,0.0000114,0,-0.00000104,-0.00028295,-3.5344,-0.00051273,-0.00671834,51946.73599,0.04194037,-0.06429846,0.0000058,0,-0.00000737,-0.01050686,0.00002186,0.00000546,-0.01165727,-0.0000303,236.305379,-276.6947843,-182.8796789,-0.00000263,-0.00040151,-2.7871607,-0.04902194,-0.00000035,3.73722616,0.38340142,0.323,0.00172276,-4.19486488,6207.675545,0.00000009,0,0,0,0,0,-1.91692436,0.0006166,0.01308804,0.00000036,-0.00000469,0.00000232,0.02715754,-0.00227768,0.00000151,0.00039231,-0.0001365,2.54229736,0.00006482,0.00272306,0.00000252,-0.00000347,-0.00009396,-12.23115,-0.00030626,11.3,-0.00013601,0.00034235
2043,-0.0000555,-0.00000015,-0.00000463,0.63918846,0.0000007,-0.00039067,0.0000006,-0.29824,0,0,0.00000094,0.00000005,-0.00273493,0.0000001,0.015381,0,2,-4642.116344,11534.4,-35986.47753,89420,-76181.00695,207510,0.0044066,0,-0.13863901,0.00790149,-736.96,0,0,0.19059724,-6390.680174,-0.00153112,-3.8157076,-62730.92935,-0.00000013,0.00000024,-0.000003,0.35000561,4,-0.00000086,0.0000003,125399,-0.471313,0,0,0.00000013,-0.00143785,6393.873825,0.00000035,0,0.00564161,0.55593624,0,0,5.764725,0,-0.00032213,-0.00361136,-0.00623344,-0.01615785,-0.01615773,0,-0.003777913,0.0000076,-0.000001,0.00000072,0.00010154,-16.099,-0.00045235,-0.00790999,53322.76822,0.04136591,-0.06430962,0.00000768,0,0.00001314,-0.01066886,0.00001121,-0.0000041,-0.01196932,-0.00001024,222.2060049,-277.2021237,-191.5736763,0.00000155,-0.0003834,0.5699624,-0.04912647,0.00000035,3.71586907,-1.32803384,-0.568,-0.00253073,-2.73011942,5809.551701,-0.00000001,0,0,0,0,0,-1.08459589,0.0006437,0.01319454,-0.00000034,0.00000095,-0.0000013,0.02614504,0.00149304,-0.00000003,0.00039629,-0.00003882,-22.43114503,-0.00026633,0.00261249,-0.00000217,-0.00000171,-0.00007762,-9.45544,0.00029463,3.1,0.0004207,0.00033411
2044,0.00009649,-0.00000296,0.00000143,0.64077921,0.00000161,-0.00040747,0.0000028,0.195584,0,0,0.00000041,-0.0000001,-0.00259394,0.00000012,0.015381,0,-0.6,-4902.006795,12173.9,-38002.2514,94377,-80974.50145,220228,-0.00236364,0,-0.13863567,0.00752002,-739.86,0,0,-0.46109914,-6575.79229,-0.00145474,-4.74806372,-63581.05155,0.00000925,0.00000016,0.0000016,0.81516623,-2,0.00000029,-0.0000001,132353,-0.555946,0,0.00000001,0.00000036,-0.00140355,6572.693723,-0.0000003,0,0.00600816,-1.79106758,0,0,-5.405088,0,0.00152419,-0.00040699,-0.00619248,-0.01598584,-0.01598545,0,-0.00385569,0.0000049,0.000001,-0.0000012,0.00050112,-0.23202,0.0000366,-0.00906203,55405.35442,0.04081297,-0.06428719,0.0000128,0,-0.00002579,-0.01080083,0.00001252,-0.00000305,-0.01229184,0.0000369,207.4065889,-277.7772053,-202.9183223,0.00000034,-0.00070075,3.3962446,-0.04920089,-0.00000034,3.69503262,1.21695336,0.885,0.00237097,4.88917149,5469.583013,0.00000008,0,0,0,0,0,-0.47980657,0.0006399,0.01325038,0.00000039,-0.00001342,0.00000105,0.02518954,0.00018128,-0.00000014,0.00040077,-0.00006055,3.38824809,0.00035719,0.00250999,0.00000126,-0.0000038,0.00062152,-15.75962,-0.00020086,3.2,-0.00010713,0.00033295
2045,0.00006663,0.00000175,0.00000673,0.64236159,-0.0000003,-0.00041862,-0.0000009,-0.339872,0,0,0.00000183,0.00000007,-0.00251297,0.00000013,0.015381,0,-0.1,-5175.065575,12844.4,-40117.36219,99576,-86031.22262,233566,0.00005435,0,-0.13852778,0.0025277,-744.68,0,0,0.22103185,-6757.364111,-0.00138222,7.91391555,-64422.73665,0.00000132,0.00000056,0.0000004,-0.16375809,2,-0.00000057,-0.0000001,139643,-0.621202,0,-0.00000004,-0.00000177,-0.0013707,6756.403242,-0.0000001,0,0.00638726,-2.77106737,0,0,-5.14270499,0,-0.00205334,-0.00018079,-0.00615617,-0.01581726,-0.01581764,0,-0.00393098,0.0000033,-0.000001,0.00000181,0.00025907,-12.61372,-0.00076413,-0.01017791,57856.80002,0.04028609,-0.06416273,0.00001767,0,0.00002014,-0.01091876,-0.00003345,0.00001273,-0.012621,0.00003612,191.6071286,-278.211193,-214.7918947,-0.00000044,0.00001201,2.5903995,-0.04917339,0.00000005,3.67470791,0.69388761,-2.071,-0.00321161,-4.53486739,5152.931168,-0.00000012,0,0,0,0,0,-1.60436661,0.0006248,0.01329742,-0.00000018,-0.00001072,-0.00000073,0.0242523,0.00060823,0.00000118,0.00040434,-0.00024229,-7.68222892,-0.0003457,0.00241003,-0.00000351,0.00000108,0.00005806,-7.21899,-0.00001454,-8.8,-0.00017051,0.000327
2046,-0.00025953,0.00000132,-0.00000286,0.64176497,-0.00000097,-0.00048269,-0.0000007,-0.282592,0,0,0.00000197,0.00000001,-0.00252888,0,0.015381,0,2.4,-5448.143476,13046.8,-42236.86366,101144,-91377.0848,248701,-0.0017159,0,-0.13972513,0.00141612,-717.77,0,0,-0.38096013,-6531.610555,-0.00131328,-2.0039024,-65241.70698,-0.00000586,0.00000012,-0.0000022,-0.34637455,5,0.00000085,0.0000002,141842,-0.707117,0,0.00000003,0.00000291,-0.00139926,6535.485455,-0.00000005,0,0.00603038,-0.9091778,0,0,8.94507601,0,0.00428792,-0.00040893,-0.00577453,-0.01565442,-0.01565426,0,-0.004005401,0.0000021,0.000001,0.00000102,-0.00003487,-10.14884,-0.00003053,-0.01054905,55907.34736,0.03746705,-0.06534727,0.00002171,0,-0.00000449,-0.01208951,0.00000156,-0.0000001,-0.01301169,-0.00007001,176.1076241,-444.959238,-222.9794751,-0.000001,0.00006465,4.0388637,-0.05045093,0.00000012,3.64183066,2.28638875,-3.342,0.00022602,-9.09449453,4615.699006,-0.00000014,0,0,0,0,0,-2.18145666,0.0006048,0.01332953,-0.00000058,-0.00000069,-0.00000195,0.02334267,0.00022544,0.00000003,0.00040614,0.0004358,-7.08972517,0.00016631,0.00183892,0.00000628,-0.00000121,-0.00004806,-1.94308,0.00042939,-3.4,0.00004762,0.00030599
2047,-0.00005812,-0.00000262,0.00000628,0.64337547,-0.00000061,-0.00049364,0.0000133,0.667968,0,0,-0.00000015,-0.00000002,-0.00204894,0.0000001,0.01538,0,-3.5,-5740.756616,13965.1,-44505.01584,108265,-97118.47258,267608,-0.00059653,0,-0.13857648,0.00411808,-718.01,0,0,0.59405314,-6894.711558,-0.0012478,2.68499016,-66040.46854,-0.00000309,-0.00000033,0.0000016,-0.56594348,-7,-0.00000047,-0.00000055,151827,-0.646815,0,0,-0.00000045,-0.00096471,6892.1451,0,0,0.00386331,-1.89453221,0,1,-3.208544,0,-0.00254888,0.00156633,-0.00576666,-0.01484638,-0.01484662,0,-0.004081493,0.0000014,-0.000001,-0.00000141,0.00014352,7.39,-0.00033377,-0.01168949,59211.42851,0.03806327,-0.06418692,0.00003304,0,0.00001627,-0.01192663,0.00001304,-0.0000231,-0.0133708,0.00002622,160.2080751,-445.536085,-235.0927163,0.00000065,-0.00041443,0.0906158,-0.04939212,-0.00000022,3.60457283,0.53448383,3.797,0.00357729,7.485709,4392.214443,0.00000013,0,0,0,0,0,-0.74148573,0.0006301,0.01333954,0.00000081,0.00000888,-0.00000031,0.02249179,-0.00038319,0.00000014,0.00041265,0.00013579,-26.93358827,-0.00010267,0.00199903,-0.0000022,-0.0000006,0.00079469,-5.88304,0.00022375,-9.67,0.0001251,0.00030399
2048,0.00015167,0.00000193,-0.00000314,0.64471497,-0.00000147,-0.00050842,0.0000031,-0.033984,0,0,-0.00000067,0.00000007,-0.00177529,0.00000007,0.015381,0,-0.9,-6046.329038,14666.3,-46873.73217,113700,-103151.1657,283045,0.00068849,0,-0.13864863,0.0030373,-715.24,0,0,-0.17386543,-7046.407202,-0.00118557,-3.03410084,-66833.1017,0.00000614,0.00000044,0.000001,1.73270077,-3,-0.00000023,0,159449,-0.71658,0,-0.00000001,-0.00000049,-0.0009331,7048.520778,0.0000004,0,0.00431252,-2.5606927,0,-1,1.06764999,0,0.00339914,0.00574542,-0.00572163,-0.01474184,-0.01474184,0,-0.00412884,0.0000009,0,0.00000168,-0.00026835,-14.7652,-0.00061426,-0.01242731,58511.36444,0.03747571,-0.0642396,0.00003748,0,-0.0000215,-0.01206256,0.00000736,0.00000164,-0.01374743,0.00004629,142.9084774,-446.1224632,-246.9245829,0.00000012,-0.00032921,-5.0320674,-0.04955031,0.0000002,3.56792245,-2.11739565,2.747,-0.00292078,4.24130388,4063.453738,0.00000001,0,0,0,0,0,-1.45105956,0.0007011,0.0133277,-0.00000006,-0.00001184,0.00000283,0.02168013,0.0025765,0.00000017,0.00041801,0.00046553,-35.3728808,-0.00005471,0.00188374,-0.0000012,-0.00000309,0.00006726,-24.51802,-0.00059311,2.81,0.00003476,0.00029891
2049,-0.00017782,-0.00000048,0.00000209,0.64602108,-0.0000007,-0.00052274,0.0000111,-0.3432,0,0,-0.00000078,-0.00000004,-0.00159111,0.00000007,0.015381,0,-2.5,-6365.839112,15393.3,-49351.02457,119335,-109497.8294,299025,0.00015905,0,-0.13864985,0.00392267,-711.27,0,0,0.03892919,-7201.036091,-0.00112642,-4.35807036,-67545.40435,0.00000106,0.00000065,-0.0000022,-1.61057912,3,-0.00000117,0.0000001,167354,-0.810541,0,0.00000001,-0.00000148,-0.00089545,7199.460676,-0.0000003,0,0.00439262,-1.58811729,0,0,-2.64909999,0,-0.00287314,-0.00546097,-0.00568101,-0.01456257,-0.01456252,0,-0.00417419,0.0000006,0,-0.000001,-0.00008484,-6.01265,-0.00019919,-0.01309325,59159.89349,0.0368984,-0.06422428,0.00004267,0,-0.00001494,-0.01220871,0.00001198,-0.00000835,-0.01413778,-0.00005439,123.6088252,-446.62627,-252.596734,0.00000138,-0.00037072,3.1821188,-0.0496435,-0.00000041,3.53192828,-1.4205129,-4.481,0.00007006,0.38499074,3833.829621,0.0000002,0,0,0,0,0,-2.78666791,0.0007221,0.01331402,-0.00000017,0.00000568,-0.00000203,0.02090655,-0.00016709,0.00000027,0.00042016,-0.00028648,-9.61420758,0.00056086,0.00177176,-0.00000017,0.00000059,-0.00004463,-24.97951999,-0.000334,6.98,-0.00040428,0.00029286
2050,-0.00002947,-0.00000041,0.00000349,0.64731852,-0.00000191,-0.00052895,0.0000183,0.130304,0,0,0.00000088,0.00000001,-0.00143156,0.00000003,0.015381,0,4.1,-6699.265277,16151.1,-51935.18155,125209,-116149.804,315630,-0.00479012,0,-0.13845513,0.00704917,-711.47,0,0,-0.03582667,-7362.697875,-0.00107019,-7.4683971,-68274.79985,0.00000473,0.00000012,0.000001,-0.19808015,5,0.00000007,0.0000007,175591,-0.82691,0,-0.00000001,0.00000067,-0.00085651,7359.614598,0.00000055,0,0.00449364,-3.76725428,0,0,-5.83766199,0,-0.00256177,-0.00031967,-0.00564751,-0.01438024,-0.01438033,0,-0.004217206,0.0000004,0,0.00000135,0.00031828,-16.3756,-0.00053191,-0.01370951,60510.66367,0.03634972,-0.0640107,0.00004784,0,0.00002921,-0.01235045,-0.0000082,0.00004605,-0.01453608,-0.00002721,102.7091139,-447.0530895,-254.8258113,-0.00000171,-0.00008114,0.8559344,-0.04954082,0.0000003,3.49659478,1.20484894,-0.863,0.00314635,4.72691787,3619.720666,0.00000028,0,0,0,0,0,-0.81061907,0.0007212,0.01330133,-0.00000014,0.00000064,0.00000043,0.02014848,0.0024681,-0.00000079,0.00042431,0.00063511,-11.58096291,-0.00037955,0.00166138,-0.00000025,-0.00000342,0.00069994,-16.96040001,0.00008883,-1.04,0.00025945,0.0002886
