OBS,VNM_CAN_A,VNM_CANOTH_A,VNM_CANRATIO_A,VNM_CLIMLOSS_A,VNM_CMUD_A,VNM_CO2_A,VNM_COALC_A,VNM_CTAX_A,VNM_CTAXR_A,VNM_CXS_A,VNM_CXUD_A,VNM_DEP_A,VNM_EC_A,VNM_EFEX_A,VNM_EFF_A,VNM_ENAB_A,VNM_EXP_A,VNM_EXPE_A,VNM_EXPEB_A,VNM_EXPH_A,VNM_EXPHB_A,VNM_EXPSP_A,VNM_EXPSPB_A,VNM_EXR_A,VNM_FINC_A,VNM_GASC_A,VNM_GCARB_A,VNM_GCARBB_A,VNM_GCARBR_A,VNM_GCARBRB_A,VNM_GCOM_A,VNM_GCR_A,VNM_GDFXSH_A,VNM_GDI_A,VNM_GDN_A,VNM_GDNRATIO_A,VNM_GINI_DISP_A,VNM_GINT_A,VNM_GIP_A,VNM_GLN_A,VNM_GLNRATIO_A,VNM_GLNT_A,VNM_GOTH_A,VNM_GTRADE_A,VNM_GTRADER_A,VNM_HEAD19_A,VNM_HEAD55_A,VNM_HIC_A,VNM_IGR_A,VNM_INFT_A,VNM_INT_A,VNM_IPR_A,VNM_ITAX_A,VNM_ITAXR_A,VNM_ITR_A,VNM_K_A,VNM_LABSH_A,VNM_LFN_A,VNM_LIVES_A,VNM_LNN_A,VNM_LNNF_A,VNM_LOCK_A,VNM_LRX_A,VNM_LTI_A,VNM_MTD_A,VNM_MTN$_A,VNM_MTN_A,VNM_MTR$_A,VNM_MTR_A,VNM_OGC_A,VNM_OGI_A,VNM_OILC_A,VNM_OMS_A,VNM_OXS_A,VNM_PC_A,VNM_PCR_A,VNM_PE_A,VNM_PG_A,VNM_PM25_A,VNM_POIL_A,VNM_POPT_A,VNM_POPWA_A,VNM_PR_A,VNM_PREM_A,VNM_PROF_A,VNM_RC_A,VNM_REFEX_A,VNM_REL_RED_A,VNM_REMIT_A,VNM_REV_A,VNM_REVG_A,VNM_RPDI_A,VNM_SCR_A,VNM_SDLI_A,VNM_SHAREE_A,VNM_SHAREH_A,VNM_SHARESP_A,VNM_SHAREX_A,VNM_SOLV_A,VNM_TAX_A,VNM_TAXR_A,VNM_TECHL_A,VNM_TFP_A,VNM_URX_A,VNM_URXF_A,VNM_USER_A,VNM_WDR_A,VNM_XTD$_A,VNM_XTDNO$_A,VNM_XTN$_A,VNM_XTN_A,VNM_XTR$_A,VNM_XTR_A,VNM_YBAR_A,VNM_YED_A,VNM_YEN$_A,VNM_YEN_A,VNM_YER$_A,VNM_YER_A,VNM_YFT$_A,VNM_YFT_A
2000,,,,,,,,,,,,,,,,,,,,,,,,,,,,,,,,,,,,,,,,,,,,,,,,,,,,,,,,,,,,,,,,,,,,,,,,,,,,,,,,,,,,,,,,,,,,,,,,,,,,,,,,,,,,,,,,,,,,,,,,,
2001,,,,,,,,,,,,,,,,,,,,,,,,,,,,,,,,,,,,,,,,,,,,,,,,,,,,,,,,,,,,,,,,,,,,,,,,,,,,,,,,,,,,,,,,,,,,,,,,,,,,,,,,,,,,,,,,,,,,,,,,,
2002,,,,,,,,,,,,,,,,,,,,,,,,,,,,,,,,,,,,,,,,,,,,,,,,,,,,,,,,,,,,,,,,,,,,,,,,,,,,,,,,,,,,,,,,,,,,,,,,,,,,,,,,,,,,,,,,,,,,,,,,,
2003,,,,,,,,,,,,,,,,,,,,,,,,,,,,,,,,,,,,,,,,,,,,,,,,,,,,,,,,,,,,,,,,,,,,,,,,,,,,,,,,,,,,,,,,,,,,,,,,,,,,,,,,,,,,,,,,,,,,,,,,,
2004,,,,,,,,,,,,,,,,,,,,,,,,,,,,,,,,,,,,,,,,,,,,,,,,,,,,,,,,,,,,,,,,,,,,,,,,,,,,,,,,,,,,,,,,,,,,,,,,,,,,,,,,,,,,,,,,,,,,,,,,,
2005,,,,,,,,,,,,,,,,,,,,,,,,,,,,,,,,,,,,,,,,,,,,,,,,,,,,,,,,,,,,,,,,,,,,,,,,,,,,,,,,,,,,,,,,,,,,,,,,,,,,,,,,,,,,,,,,,,,,,,,,,
2006,,,,,,,,,,,,,,,,,,,,,,,,,,,,,,,,,,,,,,,,,,,,,,,,,,,,,,,,,,,,,,,,,,,,,,,,,,,,,,,,,,,,,,,,,,,,,,,,,,,,,,,,,,,,,,,,,,,,,,,,,
2007,,,,,,,,,,,,,,,,,,,,,,,,,,,,,,,,,,,,,,,,,,,,,,,,,,,,,,,,,,,,,,,,,,,,,,,,,,,,,,,,,,,,,,,,,,,,,,,,,,,,,,,,,,,,,,,,,,,,,,,,,
2008,,,,,,,,,,,,,,,,,,,,,,,,,,,,,,,,,,,,,,,,,,,,,,,,,,,,,,,,,,,,,,,,,,,,,,,,,,,,,,,,,,,,,,,,,,,,,,,,,,,,,,,,,,,,,,,,,,,,,,,,,
2009,,,,,,,,,,,,,,,,,,,,,,,,,,,,,,,,,,,,,,,,,,,,,,,,,,,,,,,,,,,,,,,,,,,,,,,,,,,,,,,,,,,,,,,,,,,,,,,,,,,,,,,,,,,,,,,,,,,,,,,,,
2010,1.00E-15,-1.705000551,0,,0,,0,-4.48E-12,0.01413944,-0.047170217,0,-0.001264511,0.114944961,0,,0,5.37E-11,-1049.34847,360.1852523,-7481.327335,6848.672918,-14361.89102,21463.24195,1035.880833,1.00E-15,0.058504238,-20279.56724,,,,-1917.367712,9168.492469,-0.021656662,3.58E-11,74157.20513,-2.00E-15,0.000264673,-0.551329991,-1106.438771,-1.18E-11,0,3.061241317,,-4.48E-12,-0.01989904,-3.897785436,-12.00560164,,24077.24289,0.15,1.014166667,0.075813208,2.91E-11,0.022116157,5.37E-11,2.15E-10,-0.009649074,2.80E-12,-0.146433408,-0.011135972,-0.007188309,0,0.000100984,2.506079985,-0.042755652,-4.00E-15,-1.79E-11,-4.00E-15,0.016601205,8023.091118,-0.051710852,0.02556574,-0.005418824,-0.034832317,,0.025189151,,,,,875.626,620.9627701,,-14.05916628,-1630.340522,,0,3.310103053,32609.82972,-6.27E-11,2787.846878,-1.79E-11,-80447.56199,0,0,0,0,0,0,-8.40E-13,0.009024567,-0.022066938,0,0,0.071222874,1.601350156,3.50E-14,-0.009036716,0.109673274,-4.00E-15,-2.51E-10,1.40E-14,-0.018642136,-0.01429399,0.0175448,-1.90E-14,3.58E-11,-4.00E-15,-4.30E-10,-4.00E-15,0.000129837
2011,3.98E-06,-0.212869795,0,0.564990855,0,-0.035893643,0,-4.48E-12,0.003357021,0.002030244,0,0.00368835,0.111308018,0,0.015380811,0,-0.058719284,-2077.255725,1079.634926,-15203.73845,9550.220574,-30332.37215,23722.85039,1338.445833,1.00E-15,-0.333788236,-26987.17917,-19164.60932,-3.048449005,-3.048447289,-3642.242801,4764.804764,-0.024200004,3.58E-11,172333.8845,-2.00E-15,-0.002244158,-0.927755384,-1929.6481,-4.81E-11,0,1.667853542,21949.64304,-4.48E-12,-0.010786554,-0.093747133,-0.260999899,0.07641986,23026.9971,0.15,6.084166667,-0.124570835,-4.48E-12,0.00150689,5.37E-11,2.15E-10,0.002746411,2.80E-12,-0.089895528,-0.018680679,-0.000463038,0,0.004654803,0.081500654,0.066371491,-4.00E-15,3.58E-11,-4.00E-15,-0.034253003,10299.45317,-0.147968898,-0.09896321,0.017826378,0.008845166,0.421181697,-0.012555338,-0.318937633,0.458367568,-0.02611851,0.608809237,903.867,76.24608848,0,7.209699608,-1.79E-11,0.182948636,0,3.412845595,-5936.089809,-0.003754883,-2121.235665,-1.79E-11,35086.42148,0,0,0,0,0,0,2.80E-12,0.00488586,-0.000169387,0,-1.00E-15,-0.073423601,1.786662936,3.50E-14,0.022675088,0.074906881,-4.00E-15,3.58E-11,-4.00E-15,-0.01048553,0.017731322,0.017716167,-4.00E-15,3.58E-11,-4.00E-15,0.190215897,-4.00E-15,-0.009169132
2012,-5.35E-05,-3.743013163,1.77E-07,0.55862764,7.02E-08,-0.047959434,0,-0.094148,-0.009847522,-0.036120371,4.29E-07,-0.001275568,0.014600361,-5.61E-09,0.015380851,0,1.16E-10,-1162.613604,870.343,-9857.170965,18706.11,-18809.53696,29484.2,-297.0425,3.193816516,-0.140134999,-34651.61565,-21898.38,-9.113678283,-9.11368,1532.852905,-23439.38103,-0.003846459,0.020262335,62418.38053,-9.59E-06,-0.002187044,0.898802212,3443.89761,5.82E-11,3.94E-07,-5.66651655,35721.92863,0.0632272,-0.009443149,-0.156021275,-0.610555847,0.006902554,-31157.42938,0.15,-6.0333333,-0.067412825,0.017464919,-0.025895148,1.16E-10,-0.451351905,0.004772718,0.004400244,-0.069620694,-0.019468132,0.00385954,0,0.003423964,-0.74027439,-0.025571746,5.81E-05,0.435367999,1.39E-05,-0.018118221,26937.22707,0.207130254,-0.158458327,-0.017962614,-0.006746604,-0.405414825,-0.022068127,2.00729572,0.204110591,-0.037508839,0.014037878,930.618,77.03711027,7.25E-08,1.327140079,0.2042057,0.077125015,-2.42E-08,3.551507984,24922.25287,-0.09,-1956.316242,1.081131308,-110398.9064,-3.72E-08,0,0,0,0,0,0.046695294,-0.002620621,0.009435755,1.76E-07,-3.39E-06,0.006570898,1.780734943,6.78E-05,-0.007553456,-0.06213129,4.65E-06,0.181954519,-5.64E-05,0.104364829,0.003048612,0.015163149,-1.92E-06,-0.3213225,-4.79E-05,0.21,-3.66E-05,-0.001187161
2013,5.16E-05,-1.409783243,-2.87E-07,0.562841182,3.84E-07,-0.006722156,-0.0000001,-0.0708284,-0.0034081,-0.0472827,-3.07E-07,-0.001905429,0.017540943,1.70E-07,0.0153808,0,-0.04,-671.5312032,3465.08,-5129.112202,17522.26,-9415.863551,25631.5,-519.42,3.19382,-0.10756153,-11997.54389,64725.92,23.41031,23.41031,7310.721691,-18044.13102,-0.001261366,0.095990433,20341.49944,7.27E-06,0.000592801,0.984489,6469.076414,-4.48E-12,2.75E-07,-0.8303282,-43162.3,0.100602,-0.0013356,0.28712201,-0.684976497,-0.025984649,-12521.30391,0.15,-1.9725,-0.013842547,-0.096871321,0.0048001,5.37E-11,-0.052202501,0.0001423,-0.002095737,0.141048132,-0.019312764,0.001469033,0,0.01079955,-2.724339,0.012621665,-1.47E-06,0.877892,-3.43E-05,0.044056871,21219.4538,0.068525812,-0.081757573,-0.021177461,-0.0213538,-0.452721338,-0.031657236,-1.393678568,-0.071585895,-0.00220827,-0.066330458,950.875,77.87066364,2.77E-07,52.54643319,0.111783,-0.012736911,8.75E-08,3.373873576,13910.045,5.37E-11,522.76505,-0.997073976,-19158.75546,-3.72E-08,0,0,0,0,0,0.078258039,-0.0033889,0.025896694,-1.68E-07,2.51E-06,-0.050095087,0.528105112,-0.000272367,-0.02600029,-0.016691978,5.01E-05,0.324576546,0.000101069,0.099083668,0.001997951,-0.016926198,1.87E-06,-0.077702,6.53E-07,0.04,-1.42E-06,-0.003713089
2014,-1.26E-05,-3.12946259,1.26E-06,0.570796078,-5.23E-07,0.011232138,-0.0000003,0.07575,-0.0227529,-0.0131584,-1.34E-07,-0.002174132,0.042103504,-3.26E-08,0.0153808,0,-1.79E-11,-526.772477,277.26,-4111.635145,4525.4,-7608.82265,9968,-413.4226,3.19381,-0.103221203,-7664.724923,12379.48,5.133421,5.133421,6611.51868,11782.46732,-0.002547801,0.597813116,44567.12391,-7.27E-06,0.00032661,0.520002,3449.507326,-4.48E-12,-2.31E-07,0.88213145,4191.6,0.0357395,0.0019908,0.371622041,-0.38240803,-0.012296715,23639.50025,0.15,-0.4741667,0.054440715,-0.152163482,0.0010104,0.1,0.393365,0.0049064,-0.001085044,-0.183432428,-0.016560819,0.000911733,0,0.001626247,-1.12128,0.008582034,3.04E-05,0.77303,-5.49E-06,0.042069895,4152.308072,-0.074527391,-0.071925963,-0.003706443,-0.0081704,-0.156852385,-0.013409705,-0.314585904,0.006077915,-0.049457463,-0.071395815,961.298,78.68008184,-3.09E-07,-27.11094262,0.058425,-0.0266625,2.36E-08,3.823524663,14030.77854,0.07,-474.4822255,0.031436205,-13124.59143,1.27E-08,0,0,0,0,0,0.094290111,-0.0010454,-0.001421265,1.77E-09,1.24E-05,0.022809861,0.30548749,0.000212092,-0.014568734,0.004630964,1.78E-05,-0.129843656,-2.71E-05,0.063196956,-0.001118737,-0.004079779,4.71E-05,-1.815816,5.01E-05,0.37,4.66E-05,0.007946574
2015,3.93E-06,-7.468520054,2.01E-07,0.580244138,-1.23E-11,-0.024239849,-0.0000002,0.0445613,-0.0099569,-0.0474615,2.57E-11,-0.001430694,0.025351224,7.46E-08,0.0153808,0,-0.5,28.73747954,675.7,247.5669704,17463.3,442.6617244,24207.5,-84.87,-0.05171,-0.145518846,-567.8081045,20276.901,6.0835346,6.0835346,21478.88459,-19730.96834,-0.006407715,3.58E-11,-47968.31272,-7.13E-06,-0.000276558,0.638191,3829.708043,-0.5,7.93E-07,-0.09477415,75314.4,-0.183856,-0.0017146,0.248164084,0.058909642,-0.02574853,-19135.88293,0.15,-0.0208333,-0.025764248,0.135174,-0.0072511,0.1,-1.9476416,0.0037457,-0.004760631,0.012730932,-0.024695647,-0.004036382,0,-8.22E-05,-1.00044,0.02007837,1.06E-06,3.58E-11,1.18E-05,0.078364872,23401.03869,0.131238902,-0.036953657,-0.016699663,-0.0253106,-0.111578915,-0.0028137,-1.128166296,-0.137535927,-0.07604547,-0.205900054,963.282,79.51197733,5.70E-07,-25.05046394,0.45036256,-0.222298515,7.46E-08,3.858412851,27729.65458,-0.071,1417.739694,-0.499762169,63339.00753,4.55E-08,0,0,0,0,0,0.027336307,0.001611,-0.008784896,7.69E-08,5.86E-06,0.063646459,0.020602604,0.00016688,-0.028197672,-0.001166481,4.53E-06,-0.433726039,-2.86E-05,0.13595477,0.000279535,-0.00823606,1.36E-05,3.58E-11,-5.85E-06,-0.31,5.09E-06,0.003178302
2016,-5.52E-05,-2.933622902,4.14E-08,0.579075454,6.05E-08,-0.060665619,0.0000004,0.0467219,-0.0115648,-0.0123864,3.82E-08,-0.001354174,0.007118265,-3.64E-07,0.0153808,0,-0.01,-172.4751805,471.11,-1529.006333,7945.7,-2508.537764,-6088,-359.253175,-0.05172,-0.213042007,-786.4746613,-624.761,-0.1470566,-0.1470566,6853.479571,8220.644204,-0.002718866,1.060836156,100554.0525,-2.97E-06,0.002240111,-0.16418,-5794.490576,-4.48E-12,2.20E-07,1.99872015,44576.2,0.067928,-0.0035813,0.102596969,-0.462257081,0.004923058,21010.83914,-0.1,-0.2658334,0.051165621,0.24449688,0.0007958,-0.4,-0.67887,0.0016841,0.002512256,0.108385196,-0.021264349,0.001753221,0,-0.001211558,-0.1575,-0.015711275,8.91E-06,0.310724,7.48E-05,0.059855112,6901.885322,-0.058156606,-0.104795836,0.000839911,-0.0092191,0.004579365,-0.010789247,-0.08476646,-0.007564678,-0.082337613,-0.004350864,963.522,-256.9258278,-6.10E-07,12.42300931,0.343946,-0.008424972,2.92E-07,4.499281573,14701.43635,-0.03,-3758.508164,-0.080865867,-21619.99861,4.55E-08,0,0,0,0,0,-0.035426887,0.0030126,-0.014287022,7.64E-08,8.65E-06,0.002977865,0.026793509,-0.000384226,0.000176765,0.048484739,-4.53E-05,-0.086647425,1.20E-05,0.108803926,0.012062424,-0.015576,2.04E-05,1.950062,4.83E-05,-0.109999999,-4.80E-06,0.005051294
2017,3.65E-05,-5.924665152,-1.48E-07,0.587735084,5.21E-08,-0.024483832,0.0000004,0.0144548,0.0020994,0.0296959,-2.23E-07,-0.001576148,0.018271525,2.38E-07,0.0153808,0,0.04,-715.3483163,1978.15,-5799.837795,4276.4,-10735.43825,36876.2,-113.285,-0.05172,-0.272284579,-1433.772516,-1849.421,-0.450504,-0.450504,-9896.523832,20144.39643,-0.004906174,1.472054238,77295.65528,6.23E-06,-9.60E-06,0.141349,-552.7922493,0.3,1.83E-07,1.3952449,61576.5,-0.157263,-0.0037255,0.401193356,0.604709854,-0.003764312,18201.36454,-0.1125,-0.8775,0.005681504,0.105882688,0.0016051,0.4,-0.425846001,-0.0069973,0.002739646,0.116482086,-0.02014803,-0.000199286,0,0.003954856,0.2325,-0.034445118,4.18E-05,0.4904464,-6.97E-05,0.067664996,1213.547477,0.029896517,-0.103026085,0.003665727,0.0108867,0.020853502,-0.008976391,-0.433219028,0.005321095,-0.02509682,0.008763769,960.484,-259.5494273,3.71E-07,5.84181415,0.567625,0.176789746,1.83E-07,4.306085961,4845.537751,-0.319,-1336.834609,-0.996307439,-22700.19694,4.55E-08,0,0,0,0,0,-0.012545211,0.0016519,-0.006295641,-1.72E-07,-9.94E-06,-0.018720861,0.045486917,-0.000475711,-0.001754395,0.029299727,7.91E-05,-0.932774139,-4.41E-06,0.083091317,0.007642249,0.005710439,6.72E-05,1.44448,-1.60E-05,-0.129999999,-2.38E-05,-0.001066075
2018,1.61E-05,2.258181497,1.50E-07,0.593494623,-3.19E-07,-0.04706696,-0.000001,0.0837584,0.0037416,0,1.21E-07,-0.001032645,0.066254438,-1.01E-07,0.0153808,0,-1.79E-11,-699.8106804,3086.24,-5376.767554,16279.3,-9136.953168,6137.3,-271.367025,1.00E-15,-0.184771498,-4838.962973,-9729.119,-1.885487,-1.885487,-7524.700002,-632.1364308,-0.002577125,-0.466236171,48236.21025,5.60E-06,-0.00026769,0.143287,-126.4368867,0.01,3.32E-07,1.15457685,50086.3,0.239495,-0.0041874,0.428215029,0.457645657,-0.001842571,6606.161299,-0.125,-1.0266663,0.025696141,0.008509148,-0.0007719,-1.79E-11,1.263952,-0.0011224,-0.003139192,-0.160047628,-0.014448898,0.001365068,0,0.003146477,0.548432,-0.031983394,1.63E-05,0.110627,2.54E-05,0.045550101,11797.57867,0.008808247,-0.077216841,-0.000806287,0,0.010841223,-0.006959077,-1.176770142,0.014040128,0.001717818,0.020760879,945.454,-262.1542463,-1.01E-06,-20.16867815,0.286703,-0.15940441,-9.96E-08,4.883872515,4305.830251,0.025,-319.8810575,-0.551635165,-95446.79854,-3.37E-08,0,0,0,0,0,-0.078750255,0.0025333,-0.015467826,-2.13E-07,1.25E-05,-0.02310691,0.138088075,0.000131294,0.001617635,-0.034483226,2.94E-05,0.679137238,4.90E-05,0.063104298,0.004698603,-0.001493347,1.36E-05,2.7422,2.11E-05,-0.300000001,-4.14E-05,0.001437496
2019,-2.77E-05,4.379055682,-2.55E-06,0.596367671,-1.49E-06,-0.040381027,-3.00E-07,-0.0060224,-0.0002821,0,4.43E-07,-0.002571479,0.046007159,-1.55E-07,0.0153808,0,-0.02,-450.2169263,4576.12,-3490.282019,36902.7,-5875.458224,59595.3,-3.851,1.00E-15,-0.226613513,-2461.127317,6793.815,1.6569,1.6569,18305.71637,-51391.68918,-0.004904752,0.14642638,-13697.85407,6.06E-06,0,0.097791,6597.745753,-4.48E-12,-5.91E-07,-2.84973905,57096.1,-0.0860677,-0.0023108,1.91E-06,1.82E-05,-0.007484795,-52382.05297,-0.1375,-0.380834,0.098138402,0.030839445,-0.0036838,0.6,5.415255001,0,0.00406496,-0.079701674,-0.030620133,-0.000762681,0,-0.001179074,1.013821,-0.019363491,-2.77E-05,-0.169388,2.76E-05,0.046104574,50196.82346,0.250540489,-0.119326837,-0.001851713,0,-0.055466398,0.002405527,-0.519951014,-0.001888163,-0.011975792,-0.019318827,916.209,-264.6606723,2.58E-07,-48.57824578,-0.396401311,-0.343516787,4.64E-07,4.393877913,17687.07948,0.025,-1234.707099,2.022516177,-73305.09749,-3.37E-08,0,0,0,0,0,-0.115258951,0.0016082,-0.033507755,1.07E-07,-6.53E-06,0.197238659,0.063432884,6.23E-05,-0.004093714,-0.011144053,-5.45E-05,0.22071668,-4.12E-05,0.07301551,-0.002780131,-0.010966704,-6.42E-05,-1.862212,-9.51E-05,-0.1,6.12E-05,0.008531356
2020,0.000179736,-3.36E-05,-2.42E-06,0.560581762,8.46E-08,0.051237019,-1.00E-15,-0.0494368,0,0,7.61E-07,-5.21E-08,-0.077182497,7.29E-08,0.0153808,0,-0.17,-118.2015031,1103.95,-916.3506143,8558.3,-1609.729384,29336.9,-473.3848,1.00E-15,-0.356132582,-2535.74551,-213.208,0,0,10754.35071,118976.9192,0.000134231,-0.633165206,-58613.92744,5.34E-05,2.12E-06,0,-0.047072651,0.3,-4.16E-06,-2.79790385,-253482.3,-0.497129,0,1.12E-06,-5.78E-05,0.005299017,30862.52804,0.1,-0.265833,-0.038270078,-0.661115046,0,0.2,-2.947744999,0,0.00691664,0.250142769,-0.024758287,2.93E-06,57.7441,-0.016930743,0.94,-1.81E-08,-5.34E-05,-10.595904,-0.000602269,0.031881049,-119996.2373,0.038436186,-0.293084818,0.001047046,0,3.45E-07,0.095486613,2.99E-06,6.18E-07,-0.025270462,-2.35E-05,876.78,-267.0728096,4.09E-06,3.710259601,0.455576999,-0.088855441,4.02E-07,4.151735427,0.037616625,3.708,-1531.310103,-2.823462436,10153.52989,-5.04E-07,0,0,0,0,0,-0.752413725,0,-0.02044159,1.66E-06,-1.01E-05,6.90E-06,0.059975305,-0.001659423,2.75E-06,0.010892034,0.000140249,-15.94613329,1.18E-05,0.117756962,-2.85E-07,-0.03070996,-7.43E-05,-12.96927,4.29E-05,0.399999999,3.87E-05,0.010173082
2021,8.81E-05,-2.12E-05,-1.87E-05,0.596344121,5.19E-07,0.000324814,0.0000007,0.0711872,0,0,1.73E-06,-1.53E-07,-0.007973668,6.64E-07,0.0153809,0,-5.31,-69.86555377,1438.54,-542.0043333,11152.3,-964.4648664,24675.7,148.08066,1.00E-15,-0.071836711,-2705.653407,-485.469,0,0,-10871.96983,58976.861,-0.006271616,-0.242217774,-83108.33562,-2.14E-05,2.91E-08,-0.0000008,0.053094364,0.8,-4.29E-06,0.62488005,-15525.5,-0.6238556,0,-2.77E-05,-0.000111494,-0.004080947,10912.86999,0,0.0000002,-0.037636166,-1.174140191,0,0.3,4.51475,0,0.00652992,-0.043213971,-0.011064651,-9.02E-07,15.03695,-0.000896598,0,-3.65E-07,0.00023332,-17.209593,6.42E-05,0.02204624,-54153.54368,0.050785713,-0.02817889,0.004864995,0,6.80E-07,0.057880957,-7.58E-06,9.52E-07,-0.013668784,3.12E-05,830.526861,-240.7839487,-2.42E-07,0.079535417,1.247380919,0.013460699,4.38E-07,4.14608963,-0.562750193,2.487,2582.036379,-11.86092657,3742.932739,-1.09E-07,0,0,0,0,0,-1.393255016,0,-0.01675872,-7.67E-07,4.77E-05,-3.43E-06,0.061925623,-0.002121838,-1.36E-07,0.00689358,0.000143119,-15.07945699,4.49E-05,0.014697185,-3.67E-06,-0.040397993,-0.000105471,18.08758,0.000464457,-0.199999999,-6.18E-05,-0.006287034
2022,0.000152063,1.25E-06,-2.51E-06,0.606044254,1.37E-06,0.000704078,-0.0000029,-0.010144,0,0,2.27E-06,7.26E-08,-0.008212729,1.27E-06,0.0153808,0,-1.58,-1397.41099,3056.12,-10833.35909,23692.2,-19535.72283,47662.1,55.392937,1.00E-15,-0.129262732,-2884.396536,-510.7,0,0,5328.700021,-8424.049977,-0.005043104,0.718167581,-25361.91419,5.37E-05,8.74E-08,-0.0000028,-0.750305768,-0.4,1.55E-06,0.28154985,49794.3,-0.4559675,0,1.62E-05,0.000137781,-0.003342291,-581.316037,0,0,0.073453457,-2.974820003,0,0.4,-6.094555003,0,-0.00035088,-0.00775389,-0.021380212,-5.04E-07,0,-0.001262418,0,-4.22E-06,0.00012045,9.879193001,0.000108579,0.052087299,23350.34452,0.060195177,-0.056233744,-0.00357289,0,4.82E-07,0.039960982,2.14E-06,2.94E-06,-0.007293364,-9.35E-06,784.9890741,-242.7039944,-1.22E-06,-0.631273357,0.950280469,-0.040745892,-2.15E-07,4.129476319,0.084955098,4.022,-7794.069163,6.085371918,-19788.50772,-2.15E-08,0,0,0,0,0,-0.60386891,0,-0.013189949,6.23E-07,4.99E-05,6.93E-08,0.061822876,-2.11E-05,-4.33E-06,0.019794968,0.000492749,-11.99155894,-7.48E-05,0.024296684,3.87E-06,0.006741285,0.000335294,6.252458,1.42E-05,-0.1,4.44E-05,0.013405417
2023,0.000100294,-8.50E-07,5.83E-06,0.607185913,2.09E-06,0.000850529,-0.0000022,0.0347552,0,0,2.71E-06,2.64E-08,-0.004928588,-5.49E-07,0.0153808,0,-3.38,-1584.975404,3538.75,-12287.43107,27434,-22433.27443,55426.4,35.18162465,1.00E-15,-0.132089192,-3075.189865,-545.092,0,0,6128.755406,-5732.840204,-0.004605195,0.016924469,1572.878511,-2.48E-05,3.11E-07,0.0000046,0.831627927,0.2,-3.38E-06,0.22003175,38847.6,-0.619142,0,-1.92E-06,-1.87E-05,-0.000235538,-5509.76638,0,-0.0000002,0.069980753,-1.228487783,0,0.1,-2.455316001,0,0.00407728,-0.007596545,-0.023363047,1.03E-06,0,-0.001542287,-0.000005,4.38E-06,-0.000470856,-14.850406,-3.17E-05,0.050256246,23455.722,0.063700612,-0.059367002,0.000538708,0,1.65E-06,0.027619599,-3.93E-07,-2.68E-06,-0.007172511,5.32E-06,745.3711754,-244.5296766,-1.67E-07,-1.359915834,2.545023719,-0.043250679,2.57E-07,4.087131976,0.923943392,2.382,-66.31184809,4.280339807,-27038.60396,-5.14E-08,0,0,0,0,0,-1.105235679,0,-0.009010129,-4.64E-07,-2.73E-05,1.35E-06,0.058810482,0.000152208,-4.59E-07,-0.00187596,-0.000123191,2.97381429,6.74E-05,0.03192019,-2.30E-07,0.007228687,-0.000218783,5.486285,-0.000573956,0.199999999,-6.49E-05,0.013772237
2024,0.000764789,6.74E-06,-6.83E-06,0.609341201,2.49E-06,0.000914059,-0.0000016,0.0952,0,0,3.07E-06,5.60E-08,-0.004062803,-5.27E-07,0.0153808,0,-5.23,-1898.673827,4107.7,-14719.35224,31844.8,-27196.89857,64680.7,43.35255642,1.00E-15,-0.133310692,-3280.276694,-585.978,0,0,7703.192437,-4322.401235,-0.004470007,16.61360028,4650.478584,-5.13E-06,3.69E-07,-0.0000046,-0.004266042,0.9,2.35E-06,0.2791802,76327.5,-1.080548,0,-6.21E-06,-9.82E-05,0.000795075,-7749.058776,-0.0000005,0.0000003,0.027990651,-3.035790261,0,0.7,0.35136,0,0.00257584,-0.0075721,-0.022677074,1.81E-07,0,-0.001647011,4.50E-06,-3.78E-06,-0.001141533,47.348702,4.89E-05,0.032689256,25154.41821,0.064845578,-0.060391983,0.000372231,0,-1.66E-06,0.00364754,-1.64E-08,-2.32E-06,-0.00728856,5.25E-06,715.7531932,-246.3001376,3.99E-08,-1.771306837,0.70658796,-0.044234559,-4.51E-07,4.034861332,-0.377162477,3.635,-63.59064449,1.513339513,-17868.55777,1.02E-08,0,0,0,0,0,-1.171488507,0,-0.005090711,-4.65E-07,-1.70E-05,4.38E-07,0.056059756,-6.68E-05,4.29E-06,-0.003121611,-0.000308762,-4.321816938,-7.01E-05,0.018151134,-2.38E-06,0.011499102,-0.000157219,17.911725,3.26E-05,0.300000001,6.57E-05,0.011709972
2025,-0.001191092,-7.45E-06,5.40E-06,0.610848177,2.41E-06,0.001213587,-0.0000043,-0.4193248,0,0,-2.31E-06,-9.58E-08,-0.001579169,8.69E-07,0.0153808,0,-6.51,-2032.369049,4500.73,-15755.82654,34891.6,-29452.99682,71676.8,58.52081991,1.00E-15,-0.131101712,-3512.095837,-662.348,0,0,8016.579822,2322.362527,-0.004411369,-22.81586015,23617.9843,-0.000108514,3.98E-07,0.0000036,-0.679969061,0.2,1.14E-05,0.3626265,87662.5,-1.191473,0,2.58E-06,5.57E-05,0.001728709,-8667.221891,0.0000006,-0.0000003,0.0343467,-0.555577397,0,0.1,-0.840780003,0,0.04793952,-0.007434156,-0.022331667,-6.62E-07,0,-0.001681294,-0.0000045,-4.80E-07,0.001051156,-5.356039999,4.86E-05,0.031826924,19598.46838,0.064521536,-0.057974814,6.38E-05,0,4.14E-07,0.000559528,2.83E-06,7.23E-07,-0.007396919,-1.56E-05,692.9851469,-247.9609705,1.38E-06,-2.15710298,16.42760364,-0.041847721,1.79E-07,3.97628173,-0.945089982,2.39,-52.06781068,9.032941967,-18233.01824,6.75E-08,0,0,0,0,0,-1.179863101,0,-0.001885895,4.00E-07,-2.77E-05,-7.20E-07,0.053552799,-0.001418989,2.00E-07,-0.004955673,-0.00037709,-3.806947053,4.05E-05,0.018872916,-5.69E-07,0.009419081,0.001691953,1.73476,0.000489778,-0.5,-4.51E-05,0.010268714
2026,0.001129935,5.19E-07,2.01E-06,0.613870374,1.85E-06,0.001189432,-0.0000017,-0.1522592,0,0,-2.40E-06,1.27E-08,-0.000311528,-1.43E-06,0.0153808,0,2.46,-2251.661673,4998.88,-17455.91102,38753.4,-32958.18588,79410.7,79.23549543,1.00E-15,-0.134917234,-3761.575096,-712.77,0,0,8585.232523,2840.839099,-0.004411224,20.33544907,26431.46315,8.91E-05,5.53E-07,-0.0000044,0.712394547,-0.5,-9.94E-06,0.30499715,94642.8,-1.203542,0,5.12E-07,-7.95E-06,0.002016203,-9453.737027,0.0000001,-0.0000003,0.033721087,-0.503172982,0,3.58E-11,-1.054602002,0,0.0509096,-0.007529413,-0.021808719,-2.60E-07,0,-0.001671543,5.50E-06,4.76E-06,-0.001691724,3.501096999,2.55E-05,0.030813923,21757.32651,0.064256704,-0.061635311,2.53E-05,0,-5.40E-07,-0.000495425,1.20E-05,4.36E-07,-0.007554568,-4.11E-06,672.0870416,-172.9100038,-6.55E-07,-2.529226171,-8.539445501,-0.045500508,-5.19E-06,3.925689162,1.868446165,3.96,-48.2233693,-7.19896377,-19147.41548,-6.66E-08,0,0,0,0,0,-1.864583159,0,0.000723662,-1.08E-06,-2.52E-05,-7.55E-07,0.051347522,0.000444056,-3.93E-06,-0.004176199,-0.000219608,3.789562291,-8.39E-05,0.019551114,-1.91E-07,0.009371828,-0.001048003,-5.7985,-0.000538946,0.399999999,6.02E-05,0.008485532
2027,6.17E-05,5.37E-06,-2.41E-06,0.620422673,1.87E-06,0.000765424,-0.0000025,0.0550112,0,0,-3.03E-06,-1.50E-07,-0.005880253,-1.73E-06,0.0153808,0,-1.26,-1778.844373,4460.3,-13790.10907,34578.4,-26290.37866,72747.8,0.007181667,1.00E-15,-0.140246619,-3993.730687,-663.29,0,0,0.560294052,-3998.37814,-0.003464967,6.764170545,-46307.75844,1.89E-05,-7.66E-07,0.0000046,0.018390343,-0.8,-3.19E-07,0.00000015,48491.8,-1.088216,0,-1.50E-06,-2.59E-05,-0.007923537,3991.819169,0.0000002,0,0.018094041,-3.44132583,0,0.5,16.6765,0,-0.00082912,-0.008175365,-0.021767434,6.83E-07,0,-0.001663859,-0.000003,-8.08E-07,-0.001135644,-16.95088,-0.001334444,0.019069052,30817.46871,0.055608706,-0.066800895,1.42E-05,0,2.76E-06,-0.007151387,-1.39E-05,1.57E-07,-0.007810119,4.24E-06,647.4888667,-174.0529393,5.57E-07,-0.000397921,1.284821999,-0.050695158,-1.59E-06,3.935954371,-0.538200395,-1.407,0.000195497,7.15490077,20823.2418,4.21E-07,0,0,0,0,0,-1.881937585,0,0.003403689,7.54E-07,-6.91E-06,1.01E-06,0.048858583,-0.002300339,-2.06E-08,-0.004095042,-0.001075734,27.29579199,-0.000785488,0.006101064,1.05E-06,-6.21E-06,-0.000730632,-10.714575,0.000448472,-6.600000002,0.000114147,0.000517471
2028,-0.00120334,-4.73E-06,1.79E-06,0.617588485,-1.07E-06,0.000540305,0.0000013,0.1030144,0,0,-5.02E-07,-2.16E-07,-0.005999216,4.38E-07,0.0153808,0,-1.02,-1902.091965,4796.33,-14745.33379,37183.2,-28375.68307,78821.1,0.072336111,1.00E-15,-0.1386358,-4225.8559,-663.27,0,0,-0.373505323,-4167.781353,-0.003293501,-24.1233866,-47270.54907,-2.90E-05,5.14E-07,-0.0000012,-0.44024412,-0.7,2.49E-06,0.0000003,52144.9,-1.480958,0,7.64E-07,1.14E-05,-0.003159448,4170.44108,-0.00000025,0,0.006968743,-1.379930962,0,-0.5,10.32347,0,0.00592112,-0.007367302,-0.022787796,-2.10E-06,0,-0.002016325,0.000002,-2.20E-06,0.001188042,-25.33741,-0.00120856,0.016189966,31911.99157,0.054895076,-0.065046357,-0.000164806,0,-1.68E-06,-0.008049459,1.77E-05,3.08E-06,-0.008039105,-1.07E-05,617.7906082,-175.0631328,-2.18E-07,0.000681993,6.389280199,-0.048978717,2.68E-06,3.92064487,-1.207644732,0.34,-0.003091567,-4.034111166,20679.20569,7.76E-09,0,0,0,0,0,-2.542371536,0.0001825,0.005488614,-6.12E-07,5.39E-05,-5.08E-06,0.046767485,-0.000521519,-5.66E-08,0.000374312,1.81E-05,-22.63693529,0.000320661,0.005860231,2.70E-07,4.39E-06,0.001008535,-38.473942,-0.000184546,2.800000001,-5.67E-05,0.000466533
2029,-0.000796659,1.84E-06,-4.33E-07,0.6173634,1.25E-06,0.000364282,0.0000026,0.006608,0,0,-1.32E-06,2.50E-07,-0.00543325,4.87E-07,0.0153808,0,1.67,-2030.968278,5115.8,-15744.61928,39660,-30570.31755,84664.6,-0.010254689,1.00E-15,-0.138611943,-4458.475926,-664.65,0,0,0.066942138,-4298.113391,-0.003129142,-51.66712616,-48290.38074,2.90E-05,6.50E-07,-0.0000008,0.026144827,1.5,-8.93E-07,-0.00000025,55618.2,-1.414766,0,-3.42E-07,-3.76E-06,-0.002327751,4300.778613,0.00000005,0,0.003821982,-2.898183936,0,-1.5,-13.938708,0,0.0381845,-0.00701934,-0.02094309,1.40E-07,0,-0.002204527,0.000001,-1.71E-06,0.001321925,4.986680001,-0.000683525,0.014135813,31428.49484,0.053616233,-0.064894214,-0.000118663,0,-1.29E-05,-0.007875587,-2.06E-05,-1.08E-05,-0.008270198,-2.33E-05,581.0922463,-176.0302158,-1.20E-06,-0.00049247,-3.556324301,-0.048845188,8.04E-07,3.897315176,-0.235500336,0.117,-0.000163078,5.548909896,17099.47588,-1.09E-07,0,0,0,0,0,-1.872020631,0.00049,0.007104485,4.26E-07,1.05E-05,6.48E-07,0.044895642,-0.001053213,8.59E-07,0.000368523,0.000454953,15.66732488,0.001289032,0.005512796,-1.68E-06,4.15E-07,0.000343043,-63.09673,-0.000773052,31,-0.000108189,0.00044288
2030,-0.000313371,1.62E-06,-4.56E-07,0.618131532,6.13E-07,0.000211503,-0.0000011,-0.14816,0,0,-9.66E-07,8.14E-08,-0.004947622,4.32E-07,0.0153809,0,0.97,-2165.421064,5436.82,-16786.90377,42148.7,-32873.48055,90537.1,0.002422543,1.00E-15,-0.138811837,-4691.041072,-664.5,0,0,0.449188984,-4414.201542,-0.002973751,6.439211252,-49390.04756,2.76E-05,1.75E-07,-0.0000002,-0.083574472,-0.8,-6.75E-07,-0.00000045,59108.1,-1.379014,0,-1.05E-07,-2.95E-06,-0.002015796,4412.212886,-0.00000005,0,0.002550162,-1.321829448,0,-1.4,23.517476,0,-0.005586075,-0.006856189,-0.019972901,1.43E-06,0,-0.002331735,-4.00E-06,6.05E-08,0.000995157,1.415059999,-0.001270361,0.012451167,30666.66802,0.052212258,-0.064979618,-9.99E-05,0,1.77E-05,-0.008024322,8.34E-06,2.51E-05,-0.008507157,2.42E-05,539.6937676,-176.9715043,-1.18E-06,-0.000204578,-0.676198801,-0.048946224,1.61E-06,3.872496376,0.292389813,0.089,0.000451401,-18.23938537,15063.94072,-1.35E-07,0,0,0,0,0,-2.817741012,0.0007538,0.008357303,-4.57E-07,3.06E-05,4.22E-06,0.04316655,-0.001009921,-9.91E-07,0.000369473,0.000801512,-20.09739203,-0.001266402,0.005156026,-1.16E-07,-2.34E-06,0.000344351,-23.97824,0.001109495,-15.2,-3.05E-05,0.000427135
2031,0.000789519,-2.27E-06,-3.42E-07,0.621353066,1.01E-06,0.000173436,-0.0000015,-0.1643648,0,0,-3.35E-07,-3.18E-07,-0.004033326,4.08E-07,0.0153808,0,0.530000001,-2309.471702,5883.76,-17903.68943,45613.4,-35276.11281,96210,0.00325712,1.00E-15,-0.137598167,-4930.357378,-683.76,0,0,-0.094765383,-4669.29658,-0.002825932,42.2902481,-50515.85395,-4.33E-05,-7.07E-07,0.000002,0.046614129,-1.7,1.89E-06,0.00000025,63967.3,-1.232373,0,-3.14E-07,-6.81E-06,-0.002088487,4666.585353,-0.0000003,0,0.002666247,-3.275981417,0,3,-35.062362,0,0.01738098,-0.007087233,-0.019349278,-4.15E-07,0,-0.002438286,0.000004,6.77E-07,0.00027116,32.92322,-0.000724529,0.009960309,31612.40209,0.052416484,-0.063661209,-8.31E-05,0,8.11E-06,-0.007601698,-1.77E-05,1.23E-06,-0.008718159,-1.10E-05,497.1951689,-68.39782356,3.14E-06,-0.00066536,9.350076099,-0.047649977,1.29E-06,3.860501419,-0.199310417,1.269,-0.001315652,-14.57964881,14148.54934,3.44E-07,0,0,0,0,0,-3.243109908,0.0009109,0.009393318,-9.59E-07,-6.56E-06,-2.25E-07,0.041609253,0.002190092,-2.77E-07,0.000371763,0.001021319,-3.347796464,0.000743866,0.005306256,-1.34E-07,-2.57E-06,0.001317849,-28.79098,0.000355539,-19.1,-0.000177866,0.00042828
2032,0.000174193,1.62E-06,3.32E-07,0.622683526,1.18E-06,8.70E-05,-1.50E-06,-0.2282848,0,0,7.59E-07,1.14E-07,-0.003999045,3.33E-07,0.0153808,0,0.66,-2458.543617,6198.16,-19059.34212,48051,-37769.47051,101693,-0.000866888,1.00E-15,-0.138609755,-5172.192587,-690.92,0,0,-0.285983635,-4736.658123,-0.002685377,7.441417706,-51652.23226,6.31E-05,6.69E-07,-0.0000022,-0.120923552,0.1,-2.60E-06,-0.0000001,67385.4,-1.585245,0,5.94E-07,8.49E-06,-0.002250194,4737.689279,0,0,0.004363877,-2.574446869,0,3.58E-11,8.278548001,0,0.002100165,-0.007008854,-0.019493798,8.90E-08,0,-0.002551236,-0.000001,7.58E-07,0.000639797,-14.86106,-0.001949286,0.008536241,32107.49123,0.050506865,-0.064594597,-8.37E-05,0,-9.23E-06,-0.008148055,5.51E-06,-3.10E-06,-0.008952106,1.28E-05,457.4964584,-68.67397698,-2.53E-06,-0.000175922,-1.786169201,-0.048577467,3.54E-08,3.852758127,-0.201910655,0.851,0.002232529,19.59204978,13033.23735,-1.61E-07,0,0,0,0,0,-1.045126672,0.0009213,0.010175676,2.22E-06,-2.32E-05,1.81E-07,0.04000069,0.000945962,5.15E-08,0.000372909,0.00087961,-18.7695557,-0.000573214,0.004780757,-1.06E-06,-2.32E-06,0.000382984,-32.40524,-0.000842739,-4.600000002,-0.000615688,0.000423229
2033,0.000542824,-1.73E-07,1.82E-06,0.624443107,-1.86E-06,1.66E-05,7.00E-07,-1.058272,0,0,1.75E-06,1.79E-07,-0.004078232,3.77E-07,0.0153808,0,-0.36,-2614.86165,6588.91,-20271.19251,51080.2,-40387.19224,108382,-0.000341864,1.00E-15,-0.138633842,-5416.760736,-698.79,0,0,0.04024165,-4881.863802,-0.002551815,3.058942141,-52741.72324,-5.30E-05,-4.83E-08,-0.0000002,0.182303681,1.3,2.52E-07,-0.00000005,71633.7,-1.601669,0,-2.19E-07,-3.03E-06,-0.002242393,4878.696254,0,0,0.004519704,-3.100715212,0,3.58E-11,2.216948003,0,-0.0043751,-0.006993436,-0.019065046,-1.33E-06,0,-0.0026772,0,1.12E-06,0.000331984,52.1335,-0.000808739,0.006710719,34229.4467,0.049513085,-0.064554829,-7.27E-05,0,-5.88E-08,-0.008381082,5.69E-06,7.92E-06,-0.009190151,1.17E-05,421.7976469,-69.02144749,-9.70E-07,-0.000601991,13.4777734,-0.04857642,-6.59E-07,3.846871034,0.330621606,-0.630000001,-0.000813812,-11.9287714,12166.89089,3.09E-08,0,0,0,0,0,-2.931219218,0.0008426,0.010826232,-7.03E-07,9.99E-06,-4.28E-06,0.038457746,-0.000829442,-1.22E-07,0.000373233,0.000987195,14.64937284,0.000649388,0.004555365,3.83E-06,-2.59E-06,0.000891658,-41.87026,-0.000303442,2.899999999,0.001440497,0.000408312
2034,0.000684766,-1.03E-06,7.27E-08,0.626290264,4.34E-07,-4.04E-05,-0.0000033,0.030464,0,0,-6.27E-07,5.34E-08,-0.004185771,3.55E-07,0.0153808,0,-2.569999999,-2778.988153,7004.82,-21543.59126,54304.3,-43140.38952,115532,-0.003442075,1.00E-15,-0.138644977,-5664.322498,-707.35,0,0,-0.200930457,-5036.274604,-0.002424831,-6.953573609,-53857.33483,1.87E-05,4.56E-07,0.0000012,-0.528318211,-1.4,-8.93E-07,0.00000045,76155.6,-1.524487,0,-2.28E-07,-8.10E-06,-0.002240828,5039.39776,0.0000002,0,0.005037555,-2.394123392,0,3.58E-11,11.607298,0,0.00231336,-0.006979397,-0.018786423,1.26E-06,0,-0.002803692,0,2.73E-07,0.000602819,-25.70164,-0.002769714,0.004847602,36432.76196,0.048640344,-0.064515289,-6.49E-05,0,-4.86E-06,-0.008583475,1.26E-05,-2.25E-06,-0.009432017,-1.41E-05,391.5987505,-69.24204273,-5.43E-07,-0.000606706,2.659081699,-0.048578612,5.69E-07,3.842718542,-0.475006225,-1.274,-0.003140993,-1.950613046,11323.50666,-7.34E-08,0,0,0,0,0,-3.533422928,0.0007792,0.011333222,-5.06E-07,7.55E-07,3.19E-06,0.036986245,-0.00200311,3.49E-07,0.000375625,0.001465757,3.751484129,0.000495614,0.004369854,-9.38E-08,-2.18E-06,0.000935637,-31.00665,0.000548832,21.3,-0.000571965,0.000404667
2035,0.000455058,1.24E-06,8.35E-07,0.628172037,7.05E-07,-9.50E-05,1.40E-06,0.268352,0,0,2.41E-07,-3.08E-07,-0.004253561,4.52E-07,0.0153808,0,1.7,-2951.287538,7445.51,-22880.04248,57720.2,-46038.19258,123142,0.004106016,1.00E-15,-0.138759056,-5914.426332,-714.55,0,0,0.191418415,-5200.072332,-0.002304225,-16.42017398,-54920.99752,4.69E-05,2.13E-07,-0.0000024,0.500087544,5.37E-11,5.61E-07,0,80944,-1.980154,0,2.49E-07,1.37E-05,-0.002241101,5199.389787,-5.00E-07,0,0.005608922,-2.642263645,0,-1,-11.779776,0,0.0163549,-0.006961399,-0.018548273,2.71E-07,0,-0.002931107,0.000001,-1.84E-06,0.000492033,49.754,-0.00032241,0.002955799,38793.63421,0.047850747,-0.064587413,-5.82E-05,0,4.84E-06,-0.008749424,6.58E-07,2.14E-05,-0.009681068,-9.60E-06,365.999782,-69.42598234,3.74E-07,-9.85E-05,-6.424548801,-0.048702766,-1.44E-08,3.839966847,0.052039131,0.034,0.000439402,0.569851944,10562.36315,-6.73E-07,0,0,0,0,0,-3.629764734,0.0007213,0.01176419,4.50E-07,-2.08E-05,1.64E-06,0.035603688,-0.000781765,8.91E-07,0.000377513,0.000941948,23.07987665,0.000324991,0.004206578,-2.16E-06,7.52E-07,0.000745143,-52.31372,-0.000297794,15.7,0.000355605,0.000399383
2036,-0.000142383,1.47E-07,-1.79E-06,0.628417506,6.83E-07,-0.00018279,-0.0000011,-1.78736,0,0,9.78E-07,3.46E-07,-0.004221831,3.99E-07,0.0153813,0,3.2,-3127.893174,7742.2,-24247.0749,60022.1,-49105.22599,131772,-0.002242272,1.00E-15,-0.139457605,-6162.511841,-708.81,0,0,-0.412458402,-5186.341775,-0.002189478,-11.23206252,-55944.3921,-2.67E-05,-1.26E-07,0.0000026,0.175813532,0.4,2.96E-06,-0.0000003,84175,-2.024095,0,-1.27E-07,7.12E-07,-0.002193633,5189.605394,0.0000001,0,0.005609252,-2.425406209,0,3.58E-11,25.416,0,0.008160452,-0.006685031,-0.018334464,6.53E-07,0,-0.003059485,-2.00E-06,1.38E-06,0.000911459,-8.177600001,-0.001984375,0.001845324,39603.08816,0.04557408,-0.065254548,-5.16E-05,0,-8.35E-06,-0.009620991,-2.78E-06,-5.82E-05,-0.009956542,6.17E-06,341.8007451,-181.6750885,3.04E-06,-0.000143018,14.6922058,-0.049439388,4.44E-07,3.828401278,0.325104478,1.192,-0.000458888,-9.080222305,9565.513065,-3.86E-07,0,0,0,0,0,-4.037527504,0.0006673,0.012112905,-1.66E-07,-1.87E-05,1.08E-06,0.034173922,-0.000397333,6.68E-09,0.00037667,0.000833094,26.46926937,-0.000128605,0.003596507,2.21E-07,4.15E-07,0.001284646,-83.3988,0.000335319,13.5,-0.000194355,0.000380137
2037,0.000911426,3.19E-06,-7.00E-06,0.630344868,1.52E-06,-0.000217877,-1.00E-06,-1.327168,0,0,2.57E-06,-1.82E-07,-0.003913376,3.77E-07,0.01538,0,-2.4,-3314.847784,8291.4,-25697.08205,64277.8,-52367.00146,141637,-0.004661452,1.00E-15,-0.138705073,-6413.059348,-715.89,0,0,0.239647121,-5439.487436,-0.002080451,8.573378955,-56979.30448,-9.21E-06,-7.56E-07,-0.000002,-0.094984477,0.2,1.55E-06,0.0000003,90140,-2.132488,0,-6.45E-08,-7.16E-06,-0.001930198,5431.434505,0.00000065,0,0.004458646,-2.976898038,0,1,-6.358676002,0,0.011598846,-0.006687877,-0.017639236,-1.03E-06,0,-0.003185188,2.00E-06,-1.70E-06,0.000220312,30.43467,-0.001786532,-1.80E-05,42431.96985,0.045615915,-0.064476918,-3.56E-05,0,6.76E-06,-0.009530646,4.09E-07,-1.91E-05,-0.010217441,2.80E-05,318.1016413,-182.2543081,7.71E-07,-0.000445176,10.2570197,-0.048741467,9.80E-07,3.815065081,-0.837070343,0.544,0.002278605,-13.62891763,8964.911177,3.84E-07,0,0,0,0,0,-4.314151357,0.0006512,0.012386592,-5.88E-07,-2.06E-05,-6.15E-06,0.032904302,-0.00139942,-5.79E-07,0.00038104,0.001004817,-11.91742203,-0.000934593,0.003629696,7.77E-07,-5.19E-06,0.000135646,-9.044140001,0.000251337,-3,-0.000135718,0.000377025
2038,-0.000120774,-6.95E-06,1.64E-06,0.632092622,1.44E-06,-0.000252026,7.00E-07,0.400288,0,0,-2.12E-06,4.18E-08,-0.003741134,4.00E-07,0.015381,0,0.6,-3511.512918,8785.7,-27223.86445,68111.4,-55813.12175,150767,-0.003596577,1.00E-15,-0.138756143,-6665.73035,-721.9,0,0,-0.186941261,-5599.295198,-0.001976857,-4.641679073,-58003.76652,2.95E-05,1.65E-07,0.0000002,0.049602643,1,-3.51E-06,0.0000002,95519,-2.319594,0,1.84E-07,4.68E-06,-0.001911482,5601.748251,0.00000005,0,0.005089879,-6.909342817,0,3,-5.558808,0,0.02143328,-0.006656641,-0.017484048,-3.36E-07,0,-0.00329287,0,1.19E-06,0.00120629,-36.8974,-0.001528539,-0.001647668,43955.95915,0.044917464,-0.06450213,-2.98E-05,0,-1.22E-05,-0.009652695,-1.38E-05,4.36E-05,-0.010486319,-3.07E-05,297.1024785,-182.7014857,-5.10E-07,-0.000888804,6.779112898,-0.048841296,-3.49E-07,3.802672995,2.481856838,-0.851,0.001524565,0.241096467,8308.448679,2.75E-07,0,0,0,0,0,-3.349909267,0.0006692,0.012592526,1.54E-07,2.04E-05,1.86E-06,0.031661292,-0.00072847,-4.83E-08,0.000382339,0.001994838,-4.694245805,-2.34E-05,0.003495082,-1.39E-06,-1.77E-06,0.001564249,-26.95528,-0.000322247,10.8,-0.000486061,0.000372071
2039,0.000369026,4.44E-06,-1.60E-05,0.633844689,4.99E-07,-0.000282002,-9.00E-07,-0.090144,0,0,-1.78E-06,-2.30E-07,-0.003620941,3.13E-07,0.015381,0,-2.199999999,-3718.076723,9308,-28823.85383,72159.4,-59439.61323,160464,0.001578271,1.00E-15,-0.138741904,-6920.429175,-727.71,0,0,0.238541784,-5771.97158,-0.001878436,10.78752819,-58958.45362,-3.49E-05,-1.26E-07,0.0000022,0.384674923,-1,-7.92E-07,-0.00000065,101193,-2.315951,0,-5.48E-08,-3.86E-06,-0.001887103,5772.21514,-0.00000055,0,0.005499809,-8.324447631,0,2,-13.91204,0,-0.014744309,-0.006620808,-0.017285248,8.82E-07,0,-0.003399989,-0.000003,-1.39E-06,0.000903244,17.65419,-0.001442988,-0.003256081,46044.7258,0.04427993,-0.06446897,-2.44E-05,0,3.82E-06,-0.009783233,-1.49E-05,2.27E-06,-0.010763374,4.37E-05,279.4032656,-183.2092489,-1.40E-06,-0.000321529,-6.267529604,-0.048891576,-6.11E-07,3.791024172,-0.944061813,0.983999999,-0.000697427,5.693242183,7786.422873,4.63E-07,0,0,0,0,0,-3.982860088,0.0006569,0.01276732,-2.41E-07,-1.66E-05,3.35E-06,0.030486546,-0.001500183,6.74E-07,0.000386404,0.000543227,-49.00112126,-0.000588727,0.003377494,-2.11E-07,-7.72E-07,7.49E-05,-26.01078,0.000461485,-8.700000004,0.000309053,0.00036517
2040,-5.20E-05,-3.51E-06,1.91E-05,0.635610275,6.78E-07,-0.000301216,0.0000013,-1.074784,0,0,7.20E-07,1.13E-07,-0.003530287,2.82E-07,0.015381,0,-1.4,-3935.114433,9859.2,-30504.10364,76433,-63262.64862,170761,0.002288353,1.00E-15,-0.138592831,-7178.032084,-735.99,0,0,0.00428713,-5954.59821,-0.001784865,-20.46034083,-59966.70286,3.07E-05,1.65E-07,-0.0000024,-0.774518009,1,8.99E-07,0.00000035,107189,-2.784144,0,1.38E-07,2.09E-06,-0.001860171,5955.728459,3.50E-07,0,0.005960978,-11.1647764,0,-1,-1.118672995,0,-0.011740496,-0.006584041,-0.017095937,-5.09E-07,0,-0.003506184,0.000002,8.31E-07,0.001738139,-3.098960003,-0.001024408,-0.004847159,48479.22369,0.043695816,-0.06431021,-1.92E-05,0,5.32E-06,-0.00990752,5.36E-06,-5.39E-05,-0.011042936,-6.43E-05,264.0040093,-183.6519215,1.14E-06,-0.00019736,9.6052855,-0.048812437,4.85E-07,3.77997215,-1.104317569,0.25,-0.000990405,-0.621740551,7306.03172,1.54E-07,0,0,0,0,0,-5.821538851,0.0006335,0.012909509,-6.38E-07,2.02E-05,-2.06E-06,0.02932432,0.000978112,-3.39E-07,0.000387025,0.002484305,7.284287295,0.000713796,0.003266622,-1.15E-06,-1.93E-06,0.002539159,-28.9296,-0.000367538,-3.800000002,2.89E-05,0.000360756
2041,0.000302335,6.14E-07,1.18E-05,0.635596167,1.71E-06,-0.000352655,-6.00E-07,0.846944,0,0,3.39E-07,-5.54E-08,-0.003233109,2.59E-07,0.015381,0,-0.5,-4158.043676,10243.7,-32232.33105,79413,-67317.74007,182259,0.00206558,1.00E-15,-0.13925654,-7433.074953,-728.71,0,0,0.245799623,-5953.509433,-0.00169593,-8.445150793,-60872.2196,-1.58E-05,5.14E-07,0.0000008,0.33885588,1,4.38E-07,-0.0000004,111367,-2.704937,0,-7.38E-08,1.29E-06,-0.001613525,5956.390597,-0.0000004,0,0.005921759,-6.229863546,0,1,5.352223999,0,-0.010035096,-0.006263591,-0.016922026,-1.79E-07,0,-0.003611445,1.00E-15,7.81E-07,0.000901897,-33.40755,-0.001532126,-0.005028283,49224.00271,0.041879279,-0.064966363,-1.56E-05,0,7.62E-06,-0.010618669,1.25E-07,4.87E-05,-0.011355112,2.80E-05,250.0047136,-276.0566826,1.02E-06,-0.000182674,6.229004297,-0.049561785,4.67E-08,3.759048773,-0.671383396,-3.642000001,0.000964323,19.63530896,6610.459456,-5.88E-08,0,0,0,0,0,-3.913201504,0.0006059,0.012987067,9.31E-07,2.55E-05,-1.47E-06,0.028207148,-0.000774084,-1.16E-06,0.000390642,0.002005613,46.76539714,0.000659622,0.002570912,1.22E-06,9.49E-07,0.002125294,-56.42126,-6.68E-05,23.7,-0.000211763,0.000343615
2042,0.000531731,2.77E-06,5.06E-06,0.637576511,7.67E-07,-0.000371829,-8.00E-07,-0.776544,0,0,2.56E-07,1.52E-07,-0.002928497,3.13E-07,0.01538,0,3.7,-4394.11425,10922.7,-34064.46524,84678,-71629.9127,195360,-0.005522644,1.00E-15,-0.138604662,-7689.773592,-733.45,0,0,-0.241915357,-6219.338605,-0.001611352,2.419978369,-61822.29484,4.20E-06,2.52E-07,0.000002,-0.723201904,2,-1.98E-06,0,118751,-2.858642,0,-2.74E-08,-1.40E-06,-0.001464845,6216.453897,0.00000015,0,0.005073452,-7.501806384,0,2.15E-10,13.348579,0,-0.024393088,-0.006277103,-0.016222728,3.39E-07,0,-0.003699442,-0.000001,-1.29E-06,0.000150919,34.36918,-0.000944806,-0.006718772,51946.52341,0.041940142,-0.064298154,5.81E-06,0,-7.52E-06,-0.010506294,2.14E-05,-5.84E-06,-0.011657502,-3.44E-05,236.305379,-276.6947843,-2.80E-06,-0.000246334,-8.793740705,-0.049022056,-8.72E-09,3.737228819,-0.098810108,1.802000001,0.001424961,1.37809634,6207.690922,1.20E-07,0,0,0,0,0,-5.946708156,0.0006166,0.013087272,5.63E-07,2.17E-05,2.81E-06,0.027159934,-0.0022404,2.33E-06,0.000391577,0.002008196,-1.982250171,-0.000235582,0.002723107,1.89E-06,-2.28E-06,0.00118752,-36.42112,0.000145549,9.299999996,8.05E-05,0.000342333
2043,6.16E-05,-5.09E-07,-2.09E-05,0.639188462,5.74E-07,-0.000390675,-8.00E-07,-1.376128,0,0,1.42E-06,2.50E-08,-0.002735021,2.85E-07,0.015381,0,14.6,-4642.06465,11534.4,-35986.69242,89420,-76181.19327,207510,0.004468073,1.00E-15,-0.138639087,-7947.706996,-736.96,0,0,0.222728396,-6390.572799,-0.001531118,-34.01501918,-62725.58073,2.77E-05,3.01E-07,-0.0000034,0.443822543,11,-2.99E-07,0.0000003,125399,-3.048784,0,-1.29E-08,-1.05E-06,-0.001437427,6394.060372,3.50E-07,0,0.005641362,-12.38909258,0,-1,12.662465,0,-0.017159634,-0.006233445,-0.016157809,-4.27E-07,0,-0.003777913,0.000001,8.47E-07,0.001102609,-35.5221,-0.002068095,-0.007909991,53322.73069,0.041366089,-0.064309978,7.67E-06,0,1.09E-05,-0.010669087,1.23E-05,5.46E-06,-0.011969282,-1.04E-05,222.2060049,-277.2021236,1.44E-06,-0.000531975,14.4598831,-0.049126697,1.80E-06,3.715870485,-0.912563463,2.412000001,-0.001776068,13.70262306,5809.474536,7.09E-09,0,0,0,0,0,-4.822574057,0.0006437,0.013193899,-1.38E-07,2.35E-05,-1.68E-06,0.02614964,0.001307579,-4.87E-07,0.000396276,0.003124303,19.94447143,3.98E-06,0.002612308,-2.04E-06,-2.37E-06,0.000504574,-55.70944,-7.03E-05,15.2,0.000715415,0.000334618
2044,-0.00046019,-1.68E-06,-1.69E-05,0.640779213,1.34E-06,-0.000407505,0.0000027,-0.239168,0,0,3.77E-07,-3.33E-08,-0.002593941,3.52E-07,0.015381,0,10.1,-4902.005402,12173.9,-38002.85622,94377,-80975.20251,220228,-0.002305246,1.00E-15,-0.138635612,-8206.656687,-739.86,0,0,-0.490234059,-6576.544632,-0.001454736,2.97369349,-63577.99036,-3.54E-06,2.23E-07,0.0000016,0.605224483,-2,1.47E-06,-0.0000001,132353,-3.297456,0,2.07E-08,1.51E-06,-0.001403865,6573.147925,-0.0000003,0,0.006008308,-13.2866865,0,2.15E-10,-9.578565005,0,-0.00399273,-0.006192479,-0.015985779,-2.14E-07,0,-0.00385569,0.000001,-1.14E-06,0.00238662,-0.521070004,-0.001602009,-0.009061768,55405.25156,0.040812834,-0.064287066,1.28E-05,0,-2.51E-05,-0.010801035,5.62E-07,-2.53E-06,-0.012291599,3.43E-05,207.4065889,-277.7772053,2.94E-07,-0.000472036,6.670731097,-0.049200709,1.75E-06,3.695033603,1.09809781,5.461,0.002243189,24.88754603,5469.579652,-9.99E-09,0,0,0,0,0,-5.452243156,0.0006399,0.013250721,1.25E-07,3.67E-05,3.25E-07,0.025186547,0.000403413,-4.60E-09,0.000400942,0.000319628,-43.25437324,-0.001317397,0.002510339,1.49E-06,-2.49E-06,0.001147817,-13.66522,0.000423076,-21.6,-0.000594022,0.000332696
2045,-4.35E-05,1.30E-06,-1.66E-06,0.642361591,-5.94E-07,-0.00041852,-0.0000012,-1.641984,0,0,1.85E-06,4.94E-08,-0.002513104,4.10E-07,0.015381,0,-0.199999998,-5175.005666,12844.4,-40117.28863,99576,-86030.28886,233566,0.00010983,1.00E-15,-0.138527737,-8467.299347,-744.68,0,0,0.263896099,-6757.88962,-0.001382223,-6.294419457,-64427.65319,9.50E-07,5.14E-07,0.000001,-0.313899402,-4,-1.60E-06,-0.0000001,139643,-3.726024,0,-4.05E-08,-2.32E-06,-0.001370765,6755.412307,-0.0000001,0,0.006387189,-13.79644126,0,3,2.377076,0,-0.028888966,-0.006156173,-0.015817196,1.13E-06,0,-0.00393098,-1.00E-06,1.87E-06,0.000272798,-27.17242,-0.002083961,-0.010177963,57857.69716,0.040286408,-0.064162815,1.77E-05,0,2.12E-05,-0.010919435,-2.84E-05,4.41E-06,-0.012621046,3.74E-05,191.6071286,-278.211193,3.10E-07,-2.78E-05,13.7946652,-0.049173136,9.26E-07,3.674706311,0.831900454,4.906,-0.003679399,10.2800459,5152.969763,-1.23E-07,0,0,0,0,0,-4.60080775,0.0006248,0.013296719,-7.91E-08,2.09E-05,-2.56E-07,0.024252107,0.000519339,1.28E-06,0.000404503,0.001367872,-89.35972584,0.000137715,0.002409747,-2.87E-06,5.01E-07,0.001204739,-85.3986,-9.71E-05,-3.799999998,-0.000111476,0.000326887
2046,-0.000484571,6.40E-07,1.82E-05,0.641764971,-1.02E-06,-0.000482686,-9.00E-07,0.350144,0,0,1.52E-06,-2.64E-08,-0.00252901,3.38E-07,0.015381,0,3.7,-5448.152498,13046.8,-42236.82935,101144,-91377.80196,248701,-0.0016632,1.00E-15,-0.139725249,-8718.514922,-717.77,0,0,-0.303160652,-6531.010249,-0.001313284,-1.586321017,-65243.08842,-4.14E-05,9.73E-08,-0.0000022,-0.134180494,5,3.19E-07,0.0000002,141842,-3.745609,0,2.87E-08,2.51E-06,-0.001399075,6536.595778,-0.00000005,0,0.006030363,-11.41236327,0,-1,0.068207989,0,-0.01072758,-0.005774534,-0.015654621,-9.30E-07,0,-0.004005401,-0.000001,7.17E-07,0.001307082,-38.427,-0.001249709,-0.010548975,55906.37925,0.037466646,-0.065347216,2.16E-05,0,-1.00E-05,-0.012088607,6.98E-06,2.97E-06,-0.013011806,-5.50E-05,176.1076241,-444.959238,-1.46E-06,0.000110845,12.6234012,-0.050451115,-1.36E-06,3.641826377,2.606017096,-6.472000001,0.000533557,10.3887285,4615.677617,-1.53E-07,0,0,0,0,0,-7.593672336,0.0006048,0.013328668,-3.84E-07,3.38E-06,-2.20E-06,0.023344435,0.000346341,-4.69E-07,0.000406755,-3.73E-05,-60.0181034,0.000633299,0.001839124,5.08E-06,-6.20E-07,0.002506893,-53.10967,-0.001883003,-5.4,0.000374005,0.000306221
2047,0.000111801,-1.59E-06,5.65E-06,0.643375469,-5.71E-08,-0.000493794,1.11E-05,-2.295936,0,0,-7.71E-08,4.40E-08,-0.00204776,3.80E-07,0.01538,0,12.6,-5740.758354,13965.1,-44505.27364,108265,-97118.15302,267608,-0.000546458,1.00E-15,-0.13857635,-8969.821971,-718.01,0,0,0.488757295,-6894.482959,-0.001247796,-11.27268099,-66037.90045,-1.71E-05,-3.77E-07,0.0000012,-0.790962752,10,-4.45E-07,-0.00000055,151827,-4.124514,0,-7.12E-09,-3.39E-07,-0.000964882,6892.07168,0,0,0.003863433,-12.13617722,0,-2,18.98537501,0,-0.026360975,-0.005766657,-0.01484645,-2.63E-07,0,-0.004081493,0.000002,-1.25E-06,0.000222927,7.33128,-0.001848212,-0.011689403,59211.82299,0.038063473,-0.06418693,3.31E-05,0,2.46E-05,-0.011926949,6.79E-06,-2.83E-05,-0.013370798,2.60E-05,160.2080751,-445.536085,5.72E-07,-0.000329667,22.2191027,-0.049391942,1.96E-07,3.604575291,-0.491764728,1.463999998,0.003086136,0.960953401,4392.242903,2.09E-07,0,0,0,0,0,-7.547032156,0.0006301,0.013339812,4.44E-07,7.25E-06,-2.73E-07,0.022489698,-0.000905166,2.15E-07,0.000412191,0.000111546,-58.16711917,0.000392308,0.001999043,-1.77E-06,-3.16E-07,0.001260579,-60.19744,7.28E-05,-1.189999999,0.000513081,0.000303626
2048,8.95E-05,1.73E-06,6.97E-06,0.644714967,-1.49E-06,-0.00050835,1.70E-06,-0.834304,0,0,-7.99E-07,7.93E-08,-0.001775407,3.88E-07,0.015381,0,1.300000001,-6046.259513,14666.3,-46873.66228,113700,-103151.0541,283045,0.000736055,1.00E-15,-0.138648931,-9220.157064,-715.24,0,0,-0.193954456,-7046.508582,-0.001185569,-21.66405375,-66831.82901,2.44E-05,3.88E-07,0.0000008,2.018696131,-14,-8.53E-07,0,159449,-4.420231,0,3.49E-09,-4.31E-07,-0.000932947,7047.538333,0.0000004,0,0.004312354,-11.60479677,0,-2,5.216310013,0,-0.011306062,-0.005721631,-0.014741663,1.10E-06,0,-0.00412884,0,1.70E-06,-0.000583223,5.775540001,-0.001270563,-0.012427556,58511.32477,0.037475766,-0.064239797,3.75E-05,0,-3.34E-05,-0.012062556,1.12E-05,5.95E-06,-0.01374736,3.61E-05,142.9084774,-446.1224632,4.91E-07,-0.000238942,14.794385,-0.049550986,1.24E-06,3.567919689,-1.406857808,13.621,-0.002848378,22.59130986,4063.456281,8.33E-08,0,0,0,0,0,-8.886484652,0.0007011,0.013327,3.94E-08,1.11E-05,3.19E-06,0.021671573,0.002038256,2.32E-07,0.000417652,-0.000819867,-67.74225211,0.000306032,0.001883576,-1.02E-06,-2.86E-06,0.002020386,-101.03808,-5.01E-05,20.21,-0.000283356,0.000299323
2049,0.000343172,-3.71E-07,1.73E-05,0.64602108,-1.16E-06,-0.000522708,0.0000066,0.780288,0,0,-5.04E-07,-5.38E-08,-0.001590764,4.25E-07,0.015381,0,-2,-6365.875042,15393.3,-49351.44646,119335,-109497.4554,299025,0.000204241,1.00E-15,-0.138649756,-9469.096156,-711.27,0,0,0.059480658,-7201.002993,-0.001126422,-25.52887761,-67549.57042,-1.57E-05,7.08E-07,-0.0000018,-1.587451557,10,-1.90E-06,0.0000001,167354,-4.439417,0,8.86E-09,-1.08E-06,-0.000895368,7200.097453,-0.0000003,0,0.004392603,-10.09977734,0,1,10.93714601,0,0.032779955,-0.005681012,-0.014562649,-8.32E-07,0,-0.00417419,0,-8.01E-07,0.001537108,-2.058240006,-0.002565573,-0.013093241,59159.69299,0.036898361,-0.064224231,4.27E-05,0,-6.54E-06,-0.012208741,1.08E-05,-2.96E-06,-0.014137688,-5.06E-05,123.6088252,-446.62627,1.06E-06,-0.000343051,14.99524589,-0.049643328,3.79E-07,3.531926125,-1.470939406,-14.402,8.50E-05,2.837407025,3833.798064,1.58E-07,0,0,0,0,0,-8.058813738,0.0007221,0.01331333,-6.55E-08,-2.15E-05,-2.21E-06,0.020906179,0.000156259,3.05E-07,0.00042037,0.00232458,-93.72819521,0.000626277,0.001771835,-1.15E-07,7.61E-07,0.002881523,-124.92937,0.001336601,26.31,0.00047619,0.000292783
2050,-0.000178986,-2.09E-07,2.55E-05,0.647318517,-1.44E-06,-0.000529011,1.48E-05,-1.791456,0,0,6.33E-07,1.60E-08,-0.001431675,4.46E-07,0.015381,0,0.899999998,-6699.281086,16151.1,-51936.12167,125209,-116150.9129,315630,-0.00474719,1.00E-15,-0.138455467,-9718.108568,-711.47,0,0,0.077649195,-7362.4076,-0.001070187,13.67490261,-68271.40818,-3.31E-06,9.73E-08,0.000001,-0.137739237,-17,-9.99E-08,0.0000007,175591,-4.741973,0,-1.25E-08,2.68E-07,-0.000856579,7359.964846,0.00000055,0,0.004493769,-16.55383855,0,1,21.32469,0,-0.015848508,-0.005647508,-0.014380189,4.43E-07,0,-0.004217206,-0.000003,8.66E-07,0.002662663,-13.06168,-0.001527202,-0.013709384,60510.38345,0.036349495,-0.064010822,4.79E-05,0,3.43E-05,-0.012350852,-1.51E-05,4.25E-05,-0.014535941,-1.97E-05,102.7091139,-447.0530895,-1.30E-06,-4.09E-05,10.4260695,-0.049541198,1.23E-06,3.496599121,1.378795862,17.758,0.003745962,-2.971139749,3619.72463,3.28E-07,0,0,0,0,0,-9.733744877,0.0007212,0.013301489,-4.04E-07,2.41E-05,9.12E-07,0.020147401,0.002173532,-7.74E-07,0.00042453,0.00072197,-87.32406038,-0.000530164,0.00166149,-2.03E-07,-2.40E-06,0.00301163,-69.14240001,-0.001008451,-30.95,0.000198602,0.000288395
